latitude,longitude,label,nearby_cafes,nearby_groceries,nearby_schools,nearby_houses,nearby_parks,nearby_clinics,foot_traffic_score,distance_to_main_road
4.209,73.535,Residential,1,3,4,9,3,3,26,232.17230135127872
4.209,73.5355,Residential,0,1,3,10,2,2,21,55.48447205381943
4.209,73.536,Café,2,2,3,7,2,3,87,72.43899785985462
4.209,73.5365,Clinic,2,2,3,9,3,3,64,321.0212205761836
4.209,73.537,Residential,2,3,2,18,3,3,32,475.54827784370787
4.209,73.53750000000001,Residential,1,3,3,10,3,2,23,115.00574638660127
4.209,73.53800000000001,Café,2,2,2,15,2,3,79,123.03197776765717
4.209,73.53850000000001,Clinic,0,1,1,10,2,2,91,289.71776121399165
4.209,73.53900000000002,Clinic,0,3,2,11,2,3,75,76.13182431375698
4.209,73.53950000000002,Residential,1,1,2,17,3,2,45,88.7986246140224
4.209,73.54000000000002,Residential,2,1,1,15,2,2,30,201.67498625514187
4.209,73.54050000000002,Residential,2,0,2,20,3,3,9,444.71599443371
4.209,73.54100000000003,Café,2,1,2,22,2,3,101,497.3055358598381
4.209,73.54150000000003,Residential,0,1,1,23,3,3,35,62.93003771378185
4.209,73.54200000000003,Residential,1,0,1,17,3,3,6,91.52290787818274
4.209,73.54250000000003,Clinic,1,2,0,26,3,3,85,53.26698402438827
4.209,73.54300000000003,Clinic,1,2,1,17,3,2,93,183.89234717058704
4.209,73.54350000000004,Clinic,1,2,1,22,2,3,84,208.0399835030858
4.209,73.54400000000004,Residential,2,0,0,24,3,3,46,210.91331040687905
4.209,73.54450000000004,Residential,0,1,1,21,2,2,9,298.2588692012831
4.209499999999999,73.535,Residential,1,3,3,7,3,1,38,235.9820068238266
4.209499999999999,73.5355,Residential,2,3,2,10,3,2,35,340.65311746144596
4.209499999999999,73.536,Clinic,0,3,3,12,3,2,54,334.36675436215035
4.209499999999999,73.5365,Residential,0,3,2,15,3,2,34,51.38349760157803
4.209499999999999,73.537,Residential,1,3,2,14,2,2,15,392.0337051379425
4.209499999999999,73.53750000000001,Clinic,0,2,2,12,3,1,74,437.3239448883178
4.209499999999999,73.53800000000001,Residential,2,1,3,11,3,1,23,77.19192033244416
4.209499999999999,73.53850000000001,Residential,0,3,2,10,2,1,48,46.84546161855076
4.209499999999999,73.53900000000002,Residential,0,3,1,12,2,1,7,388.6855669191421
4.209499999999999,73.53950000000002,Clinic,1,3,2,18,3,1,71,200.96498043686174
4.209499999999999,73.54000000000002,Clinic,1,0,1,18,3,1,74,330.68204243664593
4.209499999999999,73.54050000000002,Clinic,2,2,1,22,2,1,68,469.2796451732839
4.209499999999999,73.54100000000003,Clinic,0,0,1,22,2,2,59,280.45760280696703
4.209499999999999,73.54150000000003,Residential,1,0,1,18,3,2,46,451.2970151777113
4.209499999999999,73.54200000000003,Café,2,2,0,24,2,2,82,294.9739894851793
4.209499999999999,73.54250000000003,Residential,1,1,1,20,2,2,35,195.67192730562613
4.209499999999999,73.54300000000003,Clinic,0,2,0,27,2,2,62,469.5966959138462
4.209499999999999,73.54350000000004,Clinic,1,0,1,22,2,2,58,481.2416490455588
4.209499999999999,73.54400000000004,Clinic,0,1,0,18,2,2,80,335.8876798209123
4.209499999999999,73.54450000000004,Clinic,0,2,0,28,3,2,86,219.01699853840478
4.209999999999999,73.535,Park,0,2,2,5,3,1,98,129.8515110801718
4.209999999999999,73.5355,Clinic,0,1,2,10,3,1,54,259.813592410379
4.209999999999999,73.536,Residential,2,3,3,15,2,1,5,481.4592419012523
4.209999999999999,73.5365,Residential,2,3,3,13,2,1,17,312.867045430603
4.209999999999999,73.537,Residential,0,1,2,9,2,2,21,57.747254860332625
4.209999999999999,73.53750000000001,Clinic,0,2,3,8,2,2,72,433.38121333841394
4.209999999999999,73.53800000000001,Residential,2,1,3,19,2,1,26,130.92503888110613
4.209999999999999,73.53850000000001,Café,2,1,2,12,2,2,90,138.46465802457615
4.209999999999999,73.53900000000002,Residential,1,1,1,18,3,2,34,467.0510155762578
4.209999999999999,73.53950000000002,Residential,1,1,2,19,2,2,46,28.643969795554664
4.209999999999999,73.54000000000002,Residential,0,0,2,13,3,2,33,466.42401622546356
4.209999999999999,73.54050000000002,Residential,2,0,1,21,2,2,19,159.8064814499248
4.209999999999999,73.54100000000003,Café,2,1,2,14,3,2,76,345.319823148512
4.209999999999999,73.54150000000003,Residential,2,0,2,15,2,1,29,273.57210107453534
4.209999999999999,73.54200000000003,Clinic,0,2,1,24,3,2,78,35.748318927201915
4.209999999999999,73.54250000000003,Café,2,0,1,25,3,2,81,313.8869899697997
4.209999999999999,73.54300000000003,Residential,1,1,0,27,2,1,38,229.7073675864644
4.209999999999999,73.54350000000004,Residential,0,0,1,22,2,1,12,23.686046478746498
4.209999999999999,73.54400000000004,Residential,0,0,0,28,2,1,42,494.03851533351275
4.209999999999999,73.54450000000004,Clinic,2,2,1,28,3,2,61,18.44984926699796
4.210499999999999,73.535,Clinic,2,3,3,15,2,2,62,427.889943601553
4.210499999999999,73.5355,Residential,2,2,2,6,2,1,4,155.87055454594363
4.210499999999999,73.536,Residential,0,1,3,9,2,2,31,279.6134046958597
4.210499999999999,73.5365,Residential,1,3,2,11,2,1,15,326.2169249339207
4.210499999999999,73.537,Residential,0,3,2,18,3,1,24,109.13917407822703
4.210499999999999,73.53750000000001,Residential,2,3,3,11,2,2,13,195.82662164089922
4.210499999999999,73.53800000000001,Residential,2,3,1,13,3,1,44,445.3157422433579
4.210499999999999,73.53850000000001,Residential,0,2,1,11,2,1,43,130.8715753518897
4.210499999999999,73.53900000000002,Residential,1,1,1,15,2,1,31,74.29962312848093
4.210499999999999,73.53950000000002,Residential,0,2,2,18,3,2,43,208.79966169016907
4.210499999999999,73.54000000000002,Clinic,1,1,1,13,2,1,57,375.35913308173957
4.210499999999999,73.54050000000002,Residential,2,2,1,17,2,2,50,163.06092959571316
4.210499999999999,73.54100000000003,Clinic,1,2,2,21,3,2,79,476.5288596850054
4.210499999999999,73.54150000000003,Residential,0,2,1,17,3,2,38,200.941483500829
4.210499999999999,73.54200000000003,Clinic,0,0,0,15,2,2,98,75.66325849685427
4.210499999999999,73.54250000000003,Residential,1,2,1,24,3,2,48,290.1506088911065
4.210499999999999,73.54300000000003,Residential,0,1,1,17,3,2,23,182.1798233234774
4.210499999999999,73.54350000000004,Residential,2,2,0,24,2,1,26,418.2073211455427
4.210499999999999,73.54400000000004,Residential,2,2,1,19,3,1,18,355.29986290423335
4.210499999999999,73.54450000000004,Clinic,1,1,0,23,2,1,71,360.09257481144914
4.2109999999999985,73.535,Café,2,3,2,15,3,2,95,223.69112266765654
4.2109999999999985,73.5355,Park,1,2,3,5,2,2,90,71.1860185299414
4.2109999999999985,73.536,Residential,2,3,3,12,2,2,39,238.79355031367498
4.2109999999999985,73.5365,Residential,0,2,3,16,3,1,9,489.279744475831
4.2109999999999985,73.537,Clinic,0,1,3,18,2,1,84,262.23479690841725
4.2109999999999985,73.53750000000001,Clinic,2,1,3,11,3,1,63,336.98632271956427
4.2109999999999985,73.53800000000001,Residential,2,1,2,12,3,1,30,247.11175698266342
4.2109999999999985,73.53850000000001,Residential,0,2,2,20,3,1,23,449.9196103717531
4.2109999999999985,73.53900000000002,Clinic,2,1,1,20,3,1,58,262.96555804222226
4.2109999999999985,73.53950000000002,Clinic,1,2,2,16,2,1,61,444.4867657187622
4.2109999999999985,73.54000000000002,Clinic,1,1,1,20,3,1,77,150.82256774331165
4.2109999999999985,73.54050000000002,Clinic,1,2,1,18,3,2,65,271.4977428094735
4.2109999999999985,73.54100000000003,Residential,1,2,1,24,3,2,15,161.4880987010744
4.2109999999999985,73.54150000000003,Clinic,1,2,0,22,3,2,97,301.4264893286446
4.2109999999999985,73.54200000000003,Residential,2,0,0,20,2,2,26,170.5447757347469
4.2109999999999985,73.54250000000003,Clinic,0,0,1,24,3,1,74,442.83163237285675
4.2109999999999985,73.54300000000003,Clinic,0,2,1,18,3,1,51,68.03089823843496
4.2109999999999985,73.54350000000004,Clinic,1,0,1,22,2,2,86,476.01575309340564
4.2109999999999985,73.54400000000004,Residential,0,0,1,28,3,1,47,407.7208151235791
4.2109999999999985,73.54450000000004,Residential,0,0,0,28,3,1,41,418.00034289859576
4.211499999999998,73.535,Residential,0,3,3,12,3,1,23,369.00773257699495
4.211499999999998,73.5355,Clinic,1,1,2,8,3,2,97,301.5463499949141
4.211499999999998,73.536,Residential,2,3,2,10,2,2,33,408.4318796302676
4.211499999999998,73.5365,Clinic,1,2,3,14,2,2,94,240.6931198333224
4.211499999999998,73.537,Clinic,0,1,2,18,3,2,70,382.52701187879074
4.211499999999998,73.53750000000001,Residential,0,1,3,18,3,1,38,341.20603139981034
4.211499999999998,73.53800000000001,Residential,1,2,2,9,2,2,48,461.78242751472965
4.211499999999998,73.53850000000001,Clinic,0,2,1,17,2,2,99,118.14327400922973
4.211499999999998,73.53900000000002,Café,2,1,1,16,3,2,84,294.68243163187236
4.211499999999998,73.53950000000002,Residential,1,3,1,15,3,1,17,118.82014218032472
4.211499999999998,73.54000000000002,Residential,0,2,1,13,2,1,32,129.07580511054275
4.211499999999998,73.54050000000002,Residential,1,2,1,22,2,2,4,256.7652122243246
4.211499999999998,73.54100000000003,Clinic,2,1,1,15,3,2,57,166.75027043674774
4.211499999999998,73.54150000000003,Residential,1,1,0,20,2,1,24,289.65306586709386
4.211499999999998,73.54200000000003,Clinic,0,0,1,18,3,2,86,365.10707777545457
4.211499999999998,73.54250000000003,Clinic,0,1,1,23,2,1,65,328.39033065981357
4.211499999999998,73.54300000000003,Clinic,0,2,1,21,2,1,62,411.1793117062212
4.211499999999998,73.54350000000004,Residential,0,1,1,25,2,2,7,464.695809994753
4.211499999999998,73.54400000000004,Residential,0,0,1,21,2,2,46,111.78100745603008
4.211499999999998,73.54450000000004,Clinic,0,2,1,26,2,2,85,487.4708721902102
4.211999999999998,73.535,Clinic,1,3,3,12,2,2,94,425.02780395007665
4.211999999999998,73.5355,Residential,0,2,2,15,3,2,49,295.1407371461697
4.211999999999998,73.536,Residential,2,1,3,11,2,2,47,127.75793938634926
4.211999999999998,73.5365,Clinic,0,3,3,8,2,2,101,83.86483566951128
4.211999999999998,73.537,Residential,1,3,3,12,2,1,26,437.9696108577904
4.211999999999998,73.53750000000001,Clinic,2,3,2,14,3,2,53,219.9471079268171
4.211999999999998,73.53800000000001,Residential,2,3,1,11,2,2,7,366.4270750016077
4.211999999999998,73.53850000000001,Residential,1,3,2,20,2,2,15,323.3441591877911
4.211999999999998,73.53900000000002,Clinic,1,1,1,15,3,1,63,180.20502806047068
4.211999999999998,73.53950000000002,Clinic,1,1,1,19,2,1,74,82.089460351582
4.211999999999998,73.54000000000002,Residential,2,0,1,19,3,1,34,268.3674160010245
4.211999999999998,73.54050000000002,Clinic,1,0,1,21,2,2,59,259.3699085481245
4.211999999999998,73.54100000000003,Clinic,0,2,2,24,2,2,51,61.50573569262338
4.211999999999998,73.54150000000003,Residential,0,0,1,14,2,1,1,149.56331333161728
4.211999999999998,73.54200000000003,Clinic,1,2,1,19,3,2,63,57.2389228100702
4.211999999999998,73.54250000000003,Residential,0,2,1,19,3,1,8,318.5614583851767
4.211999999999998,73.54300000000003,Clinic,0,1,0,26,3,2,92,351.8797284931752
4.211999999999998,73.54350000000004,Residential,1,0,1,26,2,1,38,221.58591170379103
4.211999999999998,73.54400000000004,Residential,0,1,1,23,2,1,40,438.9642673607021
4.211999999999998,73.54450000000004,Residential,2,1,1,26,2,2,19,245.2147806633139
4.212499999999998,73.535,Residential,2,3,2,15,3,1,27,379.1492107694253
4.212499999999998,73.5355,Residential,1,2,2,11,2,2,42,217.35412320477258
4.212499999999998,73.536,Clinic,1,2,2,11,3,2,91,97.95388582114117
4.212499999999998,73.5365,Residential,0,2,2,8,2,1,13,382.236905769884
4.212499999999998,73.537,Clinic,2,2,3,9,2,2,57,265.7087660155172
4.212499999999998,73.53750000000001,Residential,2,1,1,9,2,2,3,38.26042563984524
4.212499999999998,73.53800000000001,Clinic,0,1,1,11,2,2,93,445.18455956187404
4.212499999999998,73.53850000000001,Clinic,0,1,1,11,3,2,70,116.86351727409544
4.212499999999998,73.53900000000002,Residential,0,3,2,21,2,1,8,304.43058209797204
4.212499999999998,73.53950000000002,Residential,2,2,1,18,2,1,48,416.2133477687058
4.212499999999998,73.54000000000002,Café,2,2,2,20,2,1,96,215.67423914006477
4.212499999999998,73.54050000000002,Residential,1,1,2,17,2,1,39,199.1822758847456
4.212499999999998,73.54100000000003,Residential,0,0,2,20,2,2,25,36.24864015784277
4.212499999999998,73.54150000000003,Residential,2,1,0,23,3,1,46,360.60831961970223
4.212499999999998,73.54200000000003,Residential,1,2,1,19,2,2,11,75.02403509665623
4.212499999999998,73.54250000000003,Residential,1,2,1,25,2,2,50,56.43698524973047
4.212499999999998,73.54300000000003,Residential,1,1,1,21,2,1,49,83.11091970882575
4.212499999999998,73.54350000000004,Residential,1,1,0,22,3,2,35,475.42524357015384
4.212499999999998,73.54400000000004,Clinic,2,1,1,23,3,1,54,219.99648433303122
4.212499999999998,73.54450000000004,Clinic,0,2,1,26,2,2,64,105.33196839529342
4.212999999999997,73.535,Residential,1,3,3,9,3,2,20,203.29429360310667
4.212999999999997,73.5355,Residential,0,2,2,6,3,1,40,392.86259084647526
4.212999999999997,73.536,Residential,1,3,2,10,2,2,45,214.45667836376464
4.212999999999997,73.5365,Clinic,0,1,2,13,2,1,77,114.01813492285649
4.212999999999997,73.537,Residential,2,3,2,8,3,1,40,129.14246061412513
4.212999999999997,73.53750000000001,Clinic,0,1,1,10,2,1,60,476.8795395256775
4.212999999999997,73.53800000000001,Clinic,1,3,2,15,2,1,90,181.53374227764246
4.212999999999997,73.53850000000001,Café,2,2,1,18,3,2,91,218.65745351221187
4.212999999999997,73.53900000000002,Residential,0,2,2,16,2,1,31,468.1777951182885
4.212999999999997,73.53950000000002,Residential,1,1,1,19,3,2,24,112.22111211065477
4.212999999999997,73.54000000000002,Café,2,0,2,13,2,2,79,194.6752626415739
4.212999999999997,73.54050000000002,Residential,1,1,2,19,3,2,17,473.54291130135385
4.212999999999997,73.54100000000003,Clinic,1,0,2,18,2,2,57,356.3519307163222
4.212999999999997,73.54150000000003,Café,2,2,0,20,2,1,79,416.14188676121216
4.212999999999997,73.54200000000003,Clinic,1,2,1,23,2,2,90,78.95987424112124
4.212999999999997,73.54250000000003,Residential,0,0,0,22,2,2,23,51.73137148240086
4.212999999999997,73.54300000000003,Residential,0,2,0,22,3,1,6,286.55776673933667
4.212999999999997,73.54350000000004,Residential,1,1,1,17,3,1,3,151.59913424445728
4.212999999999997,73.54400000000004,Clinic,0,1,1,25,2,1,51,441.0799277914059
4.212999999999997,73.54450000000004,Café,2,0,0,21,2,1,101,412.6424481602738
4.213499999999997,73.535,Residential,1,4,3,14,3,1,20,452.5494753431395
4.213499999999997,73.5355,Clinic,2,3,2,13,2,2,65,95.61045162105937
4.213499999999997,73.536,Clinic,1,2,2,9,3,2,55,159.52327932158985
4.213499999999997,73.5365,Residential,0,3,3,14,2,2,50,113.80945624849276
4.213499999999997,73.537,Clinic,2,1,2,17,3,2,53,36.86284451739604
4.213499999999997,73.53750000000001,Residential,1,3,1,10,3,2,39,397.8277187607226
4.213499999999997,73.53800000000001,Clinic,1,2,1,16,3,1,76,89.48795167318563
4.213499999999997,73.53850000000001,Residential,1,3,2,19,2,1,27,399.5028080043186
4.213499999999997,73.53900000000002,Clinic,2,1,1,19,2,1,58,46.67284170059064
4.213499999999997,73.53950000000002,Clinic,1,2,2,14,2,1,51,462.60629378942264
4.213499999999997,73.54000000000002,Clinic,0,1,2,13,3,1,69,424.58258482545136
4.213499999999997,73.54050000000002,Residential,1,2,1,15,3,2,4,183.4099472452297
4.213499999999997,73.54100000000003,Residential,2,2,1,19,2,1,16,406.5670180736922
4.213499999999997,73.54150000000003,Residential,1,1,1,24,2,1,27,170.8633512646109
4.213499999999997,73.54200000000003,Clinic,1,1,1,16,3,1,56,293.740286972891
4.213499999999997,73.54250000000003,Residential,0,1,1,17,2,1,8,36.13811189269481
4.213499999999997,73.54300000000003,Clinic,0,2,1,21,2,2,86,157.80975851666733
4.213499999999997,73.54350000000004,Residential,1,2,1,20,3,1,41,156.49601934066396
4.213499999999997,73.54400000000004,Clinic,1,2,1,19,2,2,72,367.6709944195422
4.213499999999997,73.54450000000004,Residential,0,1,1,25,2,2,6,449.19601590237374
4.213999999999997,73.535,Clinic,0,4,2,8,2,1,62,135.80789599183578
4.213999999999997,73.5355,Clinic,1,1,3,10,3,1,83,145.52956953696673
4.213999999999997,73.536,Residential,1,2,3,9,2,2,44,298.3391276094099
4.213999999999997,73.5365,Residential,0,3,3,16,2,2,5,291.790211028026
4.213999999999997,73.537,Residential,2,2,3,12,3,1,36,261.3564575118854
4.213999999999997,73.53750000000001,Residential,1,3,2,10,3,1,12,336.73330946324245
4.213999999999997,73.53800000000001,Residential,2,1,2,15,3,2,12,140.44001850085672
4.213999999999997,73.53850000000001,Clinic,0,3,2,16,2,2,55,306.6638443334172
4.213999999999997,73.53900000000002,Residential,1,2,2,18,2,1,30,74.1999728897673
4.213999999999997,73.53950000000002,Residential,0,2,1,20,2,1,36,468.3550484430781
4.213999999999997,73.54000000000002,Clinic,2,0,2,22,2,1,51,161.1962747466729
4.213999999999997,73.54050000000002,Residential,0,2,2,17,2,1,47,273.1743284811572
4.213999999999997,73.54100000000003,Residential,0,0,2,15,2,1,39,255.72144945045756
4.213999999999997,73.54150000000003,Clinic,0,0,0,22,2,2,85,291.5964325276641
4.213999999999997,73.54200000000003,Café,2,0,0,18,3,1,88,291.0305454246911
4.213999999999997,73.54250000000003,Residential,0,1,1,20,3,1,1,10.880844853418134
4.213999999999997,73.54300000000003,Clinic,2,0,0,23,2,1,62,458.72672441706277
4.213999999999997,73.54350000000004,Clinic,1,1,0,21,2,1,87,389.53984522615826
4.213999999999997,73.54400000000004,Residential,0,1,0,22,3,1,12,148.83373403476165
4.213999999999997,73.54450000000004,Residential,2,0,1,19,2,2,33,199.42336951769505
4.214499999999997,73.535,Residential,1,3,2,9,3,1,24,84.58765514110236
4.214499999999997,73.5355,Residential,0,2,2,8,2,2,45,355.2226178993732
4.214499999999997,73.536,Café,2,2,3,9,3,2,81,493.3807960563791
4.214499999999997,73.5365,Residential,1,3,3,14,3,1,8,28.114731117430637
4.214499999999997,73.537,Residential,2,1,2,18,2,2,28,473.03731496646725
4.214499999999997,73.53750000000001,Clinic,0,2,1,14,3,1,81,449.03585297939156
4.214499999999997,73.53800000000001,Residential,2,3,1,11,3,2,15,31.443170382038446
4.214499999999997,73.53850000000001,Café,2,3,1,19,2,1,98,458.24411272014794
4.214499999999997,73.53900000000002,Residential,2,1,1,14,3,2,1,296.48830933052744
4.214499999999997,73.53950000000002,Residential,1,3,1,20,2,1,50,73.3220930815551
4.214499999999997,73.54000000000002,Clinic,1,2,1,18,2,1,92,265.8594282366469
4.214499999999997,73.54050000000002,Residential,1,1,2,14,3,1,15,42.180996419345185
4.214499999999997,73.54100000000003,Residential,1,1,0,15,3,2,7,237.83608474571463
4.214499999999997,73.54150000000003,Residential,1,1,0,23,3,1,8,320.92872677216303
4.214499999999997,73.54200000000003,Clinic,1,2,0,23,2,1,55,122.16388571172504
4.214499999999997,73.54250000000003,Residential,2,0,1,21,2,2,38,278.5292382242428
4.214499999999997,73.54300000000003,Residential,1,1,0,25,3,1,27,335.4356877920383
4.214499999999997,73.54350000000004,Residential,1,1,0,27,2,2,1,148.51450268094925
4.214499999999997,73.54400000000004,Residential,1,1,1,22,2,2,23,74.1829037230915
4.214499999999997,73.54450000000004,Clinic,1,0,1,20,2,1,60,207.98842415742513
4.214999999999996,73.535,Clinic,2,2,3,6,2,2,66,220.84577435173563
4.214999999999996,73.5355,Clinic,2,3,3,14,3,2,59,337.9375875440997
4.214999999999996,73.536,Residential,1,1,2,14,2,2,50,120.06429684578411
4.214999999999996,73.5365,Clinic,0,3,2,9,2,2,75,93.82075939436683
4.214999999999996,73.537,Residential,2,1,1,15,3,2,47,280.0970228346996
4.214999999999996,73.53750000000001,Clinic,1,1,2,18,3,1,101,73.53902481547327
4.214999999999996,73.53800000000001,Clinic,0,1,1,19,2,1,69,326.9078874630494
4.214999999999996,73.53850000000001,Clinic,2,2,2,18,2,2,53,285.88542871092505
4.214999999999996,73.53900000000002,Clinic,0,2,2,15,2,1,68,468.62757671471496
4.214999999999996,73.53950000000002,Residential,2,2,1,14,2,2,37,24.442399352324777
4.214999999999996,73.54000000000002,Clinic,2,1,1,19,3,2,54,284.4364296310441
4.214999999999996,73.54050000000002,Clinic,1,0,2,22,3,1,85,194.8084759770426
4.214999999999996,73.54100000000003,Residential,2,0,0,22,3,1,38,362.49188055162307
4.214999999999996,73.54150000000003,Clinic,0,1,0,20,2,2,87,196.92243320874815
4.214999999999996,73.54200000000003,Clinic,1,2,1,15,3,1,80,223.12628637848556
4.214999999999996,73.54250000000003,Residential,0,0,0,21,2,2,13,26.53349151172444
4.214999999999996,73.54300000000003,Residential,2,1,0,24,3,2,25,367.80505177347135
4.214999999999996,73.54350000000004,Residential,2,1,1,27,2,2,47,321.3725629913064
4.214999999999996,73.54400000000004,Clinic,0,1,0,28,2,1,70,60.83133165171655
4.214999999999996,73.54450000000004,Clinic,0,2,0,29,3,1,58,260.5718887964475
4.215499999999996,73.535,Café,2,3,3,13,3,1,77,61.56150954718789
4.215499999999996,73.5355,Residential,2,2,3,11,3,1,36,254.63624292157178
4.215499999999996,73.536,Residential,2,3,3,15,3,2,25,163.5983586216383
4.215499999999996,73.5365,Residential,0,3,2,8,3,1,36,93.59960800288033
4.215499999999996,73.537,Residential,1,1,1,13,3,2,44,298.9319491732721
4.215499999999996,73.53750000000001,Residential,1,2,1,13,3,1,2,143.5746545951257
4.215499999999996,73.53800000000001,Clinic,2,3,1,13,2,1,67,225.3280889932892
4.215499999999996,73.53850000000001,Residential,2,1,1,16,2,1,7,150.34117223627658
4.215499999999996,73.53900000000002,Residential,0,1,2,15,3,2,8,140.21547371558646
4.215499999999996,73.53950000000002,Café,2,3,2,21,3,1,76,151.41701071372336
4.215499999999996,73.54000000000002,Clinic,1,0,2,12,2,1,61,449.87220397192505
4.215499999999996,73.54050000000002,Residential,2,2,1,20,3,1,26,212.56694520484777
4.215499999999996,73.54100000000003,Residential,2,1,0,19,2,1,20,410.21202346768536
4.215499999999996,73.54150000000003,Clinic,0,2,1,20,2,2,62,97.87298846841045
4.215499999999996,73.54200000000003,Residential,1,1,0,21,2,1,47,96.01595675061954
4.215499999999996,73.54250000000003,Clinic,0,0,1,19,3,1,94,60.41243395538271
4.215499999999996,73.54300000000003,Residential,0,1,1,21,3,2,28,84.18759785143796
4.215499999999996,73.54350000000004,Clinic,0,0,1,21,2,1,52,98.39663895585241
4.215499999999996,73.54400000000004,Residential,2,0,0,20,3,2,36,81.22740108389182
4.215499999999996,73.54450000000004,Residential,2,1,0,22,3,2,50,46.125103870891394
4.215999999999996,73.535,Clinic,1,2,2,6,3,1,82,440.71638926041226
4.215999999999996,73.5355,Café,2,3,3,14,3,1,100,261.6822258081171
4.215999999999996,73.536,Residential,1,2,2,8,3,2,50,235.8831858994936
4.215999999999996,73.5365,Clinic,1,1,2,7,3,1,88,348.84110126847236
4.215999999999996,73.537,Residential,1,3,1,12,2,1,16,109.76651840120816
4.215999999999996,73.53750000000001,Residential,1,1,1,8,2,1,39,196.1581390796388
4.215999999999996,73.53800000000001,Residential,0,1,1,16,2,1,36,357.4887912669486
4.215999999999996,73.53850000000001,Residential,0,2,2,18,2,1,7,134.36899715470582
4.215999999999996,73.53900000000002,Residential,0,1,1,19,3,2,30,297.83103608497123
4.215999999999996,73.53950000000002,Clinic,1,1,2,21,3,1,63,51.87478000476117
4.215999999999996,73.54000000000002,Residential,2,0,2,13,2,1,9,173.35500544699175
4.215999999999996,73.54050000000002,Residential,1,1,1,22,3,1,19,198.81003156315924
4.215999999999996,73.54100000000003,Clinic,1,2,0,24,2,2,97,282.41716283820125
4.215999999999996,73.54150000000003,Residential,2,0,1,19,2,1,46,287.32873004689225
4.215999999999996,73.54200000000003,Café,2,0,0,21,2,2,80,407.9220684708987
4.215999999999996,73.54250000000003,Clinic,0,2,0,20,2,1,67,285.5720438163616
4.215999999999996,73.54300000000003,Clinic,0,2,1,17,2,1,80,11.266734368585967
4.215999999999996,73.54350000000004,Residential,0,2,0,24,2,1,48,499.5988076920885
4.215999999999996,73.54400000000004,Clinic,0,2,0,18,3,1,82,138.435146130591
4.215999999999996,73.54450000000004,Clinic,2,2,1,23,3,1,59,124.3723090086245
4.2164999999999955,73.535,Clinic,0,3,3,12,3,1,90,327.2108014947528
4.2164999999999955,73.5355,Clinic,0,1,2,9,2,2,53,322.0682406562128
4.2164999999999955,73.536,Residential,0,1,3,8,3,2,19,253.59099312307015
4.2164999999999955,73.5365,Clinic,2,3,1,7,3,2,61,463.36859446455566
4.2164999999999955,73.537,Residential,1,2,1,18,2,1,9,336.37835991333895
4.2164999999999955,73.53750000000001,Residential,1,1,2,17,2,1,8,58.21546926313812
4.2164999999999955,73.53800000000001,Residential,2,3,1,19,3,1,44,259.18595768849866
4.2164999999999955,73.53850000000001,Residential,1,1,1,15,2,1,11,475.8941427175419
4.2164999999999955,73.53900000000002,Residential,0,3,1,14,3,2,40,109.22452583586397
4.2164999999999955,73.53950000000002,Residential,0,1,2,20,3,1,29,449.53543438467807
4.2164999999999955,73.54000000000002,Residential,0,2,1,15,2,1,1,407.6818721132472
4.2164999999999955,73.54050000000002,Café,2,1,2,22,2,1,90,475.2012933001471
4.2164999999999955,73.54100000000003,Clinic,0,0,1,19,2,1,66,64.66700285848475
4.2164999999999955,73.54150000000003,Clinic,1,2,0,21,2,2,54,160.28656436457788
4.2164999999999955,73.54200000000003,Clinic,1,1,0,22,3,2,96,58.15041385460018
4.2164999999999955,73.54250000000003,Clinic,1,2,0,25,3,2,78,384.673272242664
4.2164999999999955,73.54300000000003,Residential,1,0,0,17,2,1,2,32.74586478206857
4.2164999999999955,73.54350000000004,Clinic,1,2,1,20,3,1,51,464.5128154378588
4.2164999999999955,73.54400000000004,Clinic,0,2,0,26,2,1,88,374.3267698526833
4.2164999999999955,73.54450000000004,Residential,2,2,1,28,2,2,42,11.712947079333308
4.216999999999995,73.535,Clinic,2,3,2,15,3,2,69,163.0425754646741
4.216999999999995,73.5355,Residential,0,2,2,7,2,2,7,125.03772511726658
4.216999999999995,73.536,Residential,1,3,3,11,2,1,27,104.25773749439095
4.216999999999995,73.5365,Residential,1,3,1,13,2,1,33,138.03482541899945
4.216999999999995,73.537,Residential,0,1,2,14,2,1,33,147.3008411294072
4.216999999999995,73.53750000000001,Clinic,1,3,1,9,2,2,88,336.01603375890363
4.216999999999995,73.53800000000001,Residential,0,1,1,15,2,1,41,288.94437572511237
4.216999999999995,73.53850000000001,Clinic,0,1,2,20,2,2,76,124.61888379192816
4.216999999999995,73.53900000000002,Clinic,1,1,1,17,3,1,79,120.65072345713526
4.216999999999995,73.53950000000002,Residential,1,2,1,20,3,1,15,55.83871313181213
4.216999999999995,73.54000000000002,Café,2,2,1,18,3,1,98,408.1332391265291
4.216999999999995,73.54050000000002,Residential,1,1,1,16,3,1,13,465.35084137633925
4.216999999999995,73.54100000000003,Café,2,0,0,22,2,1,72,96.90677531930777
4.216999999999995,73.54150000000003,Clinic,2,1,0,17,2,2,53,454.32752623538033
4.216999999999995,73.54200000000003,Clinic,1,1,1,22,2,2,64,470.94271239075454
4.216999999999995,73.54250000000003,Residential,2,0,0,24,3,1,41,188.13324462860822
4.216999999999995,73.54300000000003,Residential,2,1,0,27,2,1,36,422.7702795391375
4.216999999999995,73.54350000000004,Clinic,1,1,1,23,2,1,93,320.87403125212666
4.216999999999995,73.54400000000004,Clinic,0,2,1,25,2,2,65,342.5772567516948
4.216999999999995,73.54450000000004,Clinic,0,1,1,23,3,2,68,456.75826231461195
4.217499999999995,73.535,Residential,0,4,2,6,2,1,12,122.80011811888932
4.217499999999995,73.5355,Residential,0,3,3,8,2,1,45,475.6274772355469
4.217499999999995,73.536,Clinic,1,1,1,13,3,1,63,317.10071578515584
4.217499999999995,73.5365,Café,2,1,2,17,2,2,94,257.168680586587
4.217499999999995,73.537,Residential,2,1,1,10,3,2,47,320.383749954377
4.217499999999995,73.53750000000001,Clinic,1,3,2,13,2,2,65,47.39826292628877
4.217499999999995,73.53800000000001,Residential,1,1,2,14,3,2,24,92.30737321877139
4.217499999999995,73.53850000000001,Residential,0,2,1,17,2,1,23,64.28087963859684
4.217499999999995,73.53900000000002,Residential,2,2,1,13,2,1,8,328.4751454247931
4.217499999999995,73.53950000000002,Café,2,3,2,20,2,2,93,433.87327419627803
4.217499999999995,73.54000000000002,Clinic,2,0,2,21,3,1,68,394.31923513079175
4.217499999999995,73.54050000000002,Residential,0,0,1,15,3,2,17,468.2790214454379
4.217499999999995,73.54100000000003,Residential,0,0,0,23,3,2,9,453.5271327238532
4.217499999999995,73.54150000000003,Clinic,1,1,1,20,3,2,82,173.78819671438532
4.217499999999995,73.54200000000003,Residential,0,1,0,20,3,1,49,24.4054178603268
4.217499999999995,73.54250000000003,Clinic,0,2,1,21,2,1,92,128.4017003454453
4.217499999999995,73.54300000000003,Residential,0,1,0,21,3,2,28,424.04863093393436
4.217499999999995,73.54350000000004,Residential,1,1,1,23,3,2,25,484.3227843501741
4.217499999999995,73.54400000000004,Residential,0,2,1,27,2,2,10,463.98882493116497
4.217499999999995,73.54450000000004,Clinic,2,1,1,29,2,1,70,495.13152805609167
4.217999999999995,73.535,Café,2,4,2,11,2,2,83,477.735370874663
4.217999999999995,73.5355,Clinic,1,2,3,13,3,1,51,31.25192678353615
4.217999999999995,73.536,Residential,1,3,1,12,3,2,7,174.02860670636042
4.217999999999995,73.5365,Residential,2,1,1,10,3,1,42,260.6692071502524
4.217999999999995,73.537,Clinic,1,2,1,11,3,1,98,420.7382713957505
4.217999999999995,73.53750000000001,Café,2,2,2,17,2,2,100,328.0491719893077
4.217999999999995,73.53800000000001,Residential,0,1,2,19,3,2,12,120.33764792189008
4.217999999999995,73.53850000000001,Residential,0,1,2,19,2,1,17,115.52198870227639
4.217999999999995,73.53900000000002,Residential,2,2,2,20,2,1,41,59.125633207705306
4.217999999999995,73.53950000000002,Clinic,1,2,2,16,3,1,88,105.08634010088832
4.217999999999995,73.54000000000002,Clinic,1,2,1,12,3,1,100,267.806794134549
4.217999999999995,73.54050000000002,Clinic,1,1,1,22,2,1,58,283.97451923713805
4.217999999999995,73.54100000000003,Residential,1,0,0,24,3,1,17,64.55805350548934
4.217999999999995,73.54150000000003,Café,2,0,1,15,3,1,98,124.93060218793926
4.217999999999995,73.54200000000003,Café,2,1,1,16,2,2,87,217.3352306519323
4.217999999999995,73.54250000000003,Clinic,2,0,0,25,3,1,58,486.3493630146945
4.217999999999995,73.54300000000003,Café,2,0,0,18,3,1,82,485.5541366696279
4.217999999999995,73.54350000000004,Residential,1,0,1,22,3,2,38,218.71996811069891
4.217999999999995,73.54400000000004,Residential,1,1,1,26,3,1,34,66.21343301706287
4.217999999999995,73.54450000000004,Residential,0,0,1,26,3,1,35,332.5345377201764
4.218499999999994,73.535,Residential,1,2,2,7,3,1,30,194.6713339558522
4.218499999999994,73.5355,Residential,0,2,1,12,2,1,23,305.27474781253204
4.218499999999994,73.536,Café,2,1,1,9,2,2,86,480.1334264037194
4.218499999999994,73.5365,Clinic,0,3,1,9,3,1,54,261.5946974266515
4.218499999999994,73.537,Residential,1,1,1,9,2,2,24,342.83759378735044
4.218499999999994,73.53750000000001,Residential,0,3,1,18,2,1,34,397.22727989591687
4.218499999999994,73.53800000000001,Residential,1,2,1,10,3,2,14,191.25990184340608
4.218499999999994,73.53850000000001,Residential,1,1,2,14,2,2,4,497.9583503873835
4.218499999999994,73.53900000000002,Residential,1,1,1,15,2,2,34,462.7841118513672
4.218499999999994,73.53950000000002,Residential,1,3,2,11,2,1,35,92.0484049896045
4.218499999999994,73.54000000000002,Residential,1,0,2,15,3,2,33,126.25763216159076
4.218499999999994,73.54050000000002,Clinic,1,2,1,23,3,2,65,215.08229026941126
4.218499999999994,73.54100000000003,Residential,0,1,0,16,3,2,21,36.05733830846081
4.218499999999994,73.54150000000003,Clinic,0,1,1,15,2,1,63,191.51407405674195
4.218499999999994,73.54200000000003,Clinic,1,0,0,25,2,1,61,379.2127844204953
4.218499999999994,73.54250000000003,Clinic,0,1,1,20,2,2,54,497.729941402864
4.218499999999994,73.54300000000003,Clinic,0,1,1,17,3,1,92,456.83136743342544
4.218499999999994,73.54350000000004,Clinic,0,0,1,22,3,2,88,198.6309531552063
4.218499999999994,73.54400000000004,Residential,0,1,0,27,2,1,49,125.40686050161105
4.218499999999994,73.54450000000004,Residential,1,0,1,27,3,1,24,148.17063138478144
4.218999999999994,73.535,Residential,2,2,2,14,2,1,13,16.88729580100288
4.218999999999994,73.5355,Residential,0,1,2,15,3,2,11,364.67965759758755
4.218999999999994,73.536,Residential,1,1,1,16,3,2,49,380.7281210157916
4.218999999999994,73.5365,Residential,1,1,2,7,3,2,17,136.31088292492728
4.218999999999994,73.537,Residential,0,1,1,11,2,1,19,111.98791334055014
4.218999999999994,73.53750000000001,Café,2,3,2,12,3,2,99,347.66480215544937
4.218999999999994,73.53800000000001,Residential,0,1,1,12,2,2,28,358.71012312534793
4.218999999999994,73.53850000000001,Clinic,0,1,1,17,3,2,91,170.0925002647917
4.218999999999994,73.53900000000002,Residential,0,3,2,13,3,1,10,97.95468093399971
4.218999999999994,73.53950000000002,Clinic,1,3,1,19,2,1,65,145.24468042554346
4.218999999999994,73.54000000000002,Residential,1,0,2,19,2,1,46,399.35876254137963
4.218999999999994,73.54050000000002,Residential,2,1,0,22,2,2,28,460.97182012508136
4.218999999999994,73.54100000000003,Clinic,1,1,0,17,3,1,72,175.6334328209329
4.218999999999994,73.54150000000003,Residential,0,2,1,22,2,1,30,259.8482036939303
4.218999999999994,73.54200000000003,Clinic,2,1,0,17,2,2,65,335.3780232893003
4.218999999999994,73.54250000000003,Residential,2,0,1,22,2,1,2,111.24323519277176
4.218999999999994,73.54300000000003,Café,2,2,0,18,3,1,75,28.69431731762547
4.218999999999994,73.54350000000004,Café,2,1,1,26,2,2,91,41.00602762092123
4.218999999999994,73.54400000000004,Residential,2,0,1,27,3,2,29,492.476894566867
4.218999999999994,73.54450000000004,Residential,1,2,0,20,2,2,35,446.56622651653055
4.219499999999994,73.535,Residential,3,4,2,10,2,1,3,303.3560835091932
4.219499999999994,73.5355,Park,2,3,2,5,3,1,29,136.21814661312982
4.219499999999994,73.536,Residential,1,3,2,14,3,2,34,387.30226654690125
4.219499999999994,73.5365,Residential,2,2,2,7,3,1,46,492.4295987415367
4.219499999999994,73.537,Clinic,3,3,1,14,3,2,65,60.033577617921196
4.219499999999994,73.53750000000001,Residential,2,2,2,18,3,1,2,133.11366508856213
4.219499999999994,73.53800000000001,Residential,1,3,1,14,3,1,44,126.90768951371523
4.219499999999994,73.53850000000001,Residential,2,2,2,10,3,2,39,454.4604055956248
4.219499999999994,73.53900000000002,Café,2,1,1,18,2,2,90,450.4691346354311
4.219499999999994,73.53950000000002,Residential,2,2,1,13,2,1,24,485.3378599093943
4.219499999999994,73.54000000000002,Café,2,0,0,20,2,1,79,411.5536537894338
4.219499999999994,73.54050000000002,Clinic,1,2,1,20,2,1,71,46.220826250684546
4.219499999999994,73.54100000000003,Clinic,3,1,0,20,3,2,51,310.3638418128137
4.219499999999994,73.54150000000003,Clinic,3,2,0,22,2,2,70,279.81096247278856
4.219499999999994,73.54200000000003,Residential,1,2,0,18,3,2,26,478.0366828415629
4.219499999999994,73.54250000000003,Clinic,3,1,1,18,3,1,61,313.5454738695829
4.219499999999994,73.54300000000003,Clinic,1,0,1,21,3,2,97,87.07269291561987
4.219499999999994,73.54350000000004,Residential,2,0,1,22,3,2,34,351.5115292381009
4.219499999999994,73.54400000000004,Clinic,1,0,0,24,2,1,88,113.93181150794099
4.219499999999994,73.54450000000004,Residential,1,1,0,22,3,1,10,35.36658877781599
4.2199999999999935,73.535,Residential,2,4,2,12,3,1,8,273.2126718477112
4.2199999999999935,73.5355,Residential,2,3,2,13,3,2,12,262.0523783478309
4.2199999999999935,73.536,Residential,2,2,2,9,3,2,16,231.8388548957066
4.2199999999999935,73.5365,Residential,1,1,1,9,2,1,37,82.11357811494955
4.2199999999999935,73.537,Residential,3,2,1,14,2,1,7,87.79198115556619
4.2199999999999935,73.53750000000001,Café,3,1,1,8,2,2,73,306.18279307247826
4.2199999999999935,73.53800000000001,Café,2,1,1,13,3,1,92,176.87077966992464
4.2199999999999935,73.53850000000001,Residential,3,1,1,16,3,1,11,282.2468904681826
4.2199999999999935,73.53900000000002,Clinic,2,1,2,12,2,2,53,49.90858571087313
4.2199999999999935,73.53950000000002,Clinic,1,3,2,12,3,1,76,226.0561382288344
4.2199999999999935,73.54000000000002,Residential,2,1,0,22,2,1,43,203.93006975958116
4.2199999999999935,73.54050000000002,Café,2,0,1,17,2,1,88,484.4236191760951
4.2199999999999935,73.54100000000003,Residential,2,1,0,20,2,1,35,114.31439752855721
4.2199999999999935,73.54150000000003,Café,2,2,1,23,2,2,89,212.4866963543207
4.2199999999999935,73.54200000000003,Clinic,3,2,1,25,3,2,60,174.0161837435138
4.2199999999999935,73.54250000000003,Clinic,1,1,1,25,2,2,89,69.95328025713702
4.2199999999999935,73.54300000000003,Residential,1,0,0,24,3,2,10,364.8250204762867
4.2199999999999935,73.54350000000004,Residential,2,1,1,22,3,2,20,54.78824207091319
4.2199999999999935,73.54400000000004,Residential,3,2,1,20,2,1,22,433.24894085609566
4.2199999999999935,73.54450000000004,Clinic,1,2,0,21,3,1,58,259.9060060059727
4.220499999999993,73.535,Café,3,3,2,10,2,2,98,459.4297027617572
4.220499999999993,73.5355,Residential,1,2,2,12,2,1,32,302.0712646003012
4.220499999999993,73.536,Residential,1,1,2,15,2,2,44,388.1217230202809
4.220499999999993,73.5365,Café,2,1,2,15,3,1,98,383.9116256016931
4.220499999999993,73.537,Clinic,1,1,2,17,3,1,60,77.84226919478319
4.220499999999993,73.53750000000001,Café,3,1,1,16,3,2,73,381.58492070513006
4.220499999999993,73.53800000000001,Residential,3,2,1,11,3,2,48,126.68317103249584
4.220499999999993,73.53850000000001,Residential,1,1,2,17,2,2,5,441.75962987834555
4.220499999999993,73.53900000000002,Café,3,1,2,13,3,2,74,132.85013331666886
4.220499999999993,73.53950000000002,Clinic,1,2,2,14,3,2,73,121.77003293042391
4.220499999999993,73.54000000000002,Residential,3,2,0,19,3,1,2,466.3956216664197
4.220499999999993,73.54050000000002,Clinic,3,2,1,14,3,1,62,22.616022057148342
4.220499999999993,73.54100000000003,Residential,1,0,0,23,3,2,37,321.4615934723686
4.220499999999993,73.54150000000003,Residential,2,1,1,22,2,1,36,411.143911331184
4.220499999999993,73.54200000000003,Residential,2,2,1,17,2,1,21,291.0735570885407
4.220499999999993,73.54250000000003,Residential,1,2,0,18,3,1,25,241.85347719187587
4.220499999999993,73.54300000000003,Clinic,2,0,1,20,3,2,57,486.79652717429957
4.220499999999993,73.54350000000004,Residential,1,0,1,27,3,1,44,42.60219596805216
4.220499999999993,73.54400000000004,Café,2,0,0,26,2,1,72,198.67402260452238
4.220499999999993,73.54450000000004,Residential,2,0,0,20,3,2,11,323.4987310404102
4.220999999999993,73.535,Café,3,3,1,8,3,1,89,121.30987201539331
4.220999999999993,73.5355,Clinic,1,1,2,8,3,2,94,345.038222020776
4.220999999999993,73.536,Residential,3,3,1,14,2,2,18,314.77051191503546
4.220999999999993,73.5365,Clinic,1,1,2,17,3,1,72,177.68770801057275
4.220999999999993,73.537,Residential,1,1,2,14,3,1,41,24.440417601134357
4.220999999999993,73.53750000000001,Residential,3,2,1,18,3,1,37,72.7975689629485
4.220999999999993,73.53800000000001,Residential,2,3,2,9,2,1,49,120.70259223514822
4.220999999999993,73.53850000000001,Café,3,1,1,19,3,1,82,83.05994966234364
4.220999999999993,73.53900000000002,Residential,2,1,1,21,2,2,30,13.318925036508652
4.220999999999993,73.53950000000002,Café,2,3,2,17,3,2,101,424.97252725928377
4.220999999999993,73.54000000000002,Residential,3,1,1,14,2,1,33,255.39206632461202
4.220999999999993,73.54050000000002,Clinic,1,0,0,19,3,1,66,71.9697280601642
4.220999999999993,73.54100000000003,Residential,3,1,0,14,3,2,10,236.96048246659666
4.220999999999993,73.54150000000003,Residential,1,2,0,20,3,2,9,469.57193843686514
4.220999999999993,73.54200000000003,Residential,2,2,0,22,2,1,16,188.37014184722958
4.220999999999993,73.54250000000003,Café,2,2,0,16,3,1,80,64.08199585728613
4.220999999999993,73.54300000000003,Clinic,2,1,1,25,3,2,51,136.64867808460704
4.220999999999993,73.54350000000004,Residential,1,2,1,18,2,2,27,72.22175699584622
4.220999999999993,73.54400000000004,Café,3,0,1,19,2,2,98,229.9216435183825
4.220999999999993,73.54450000000004,Residential,1,2,1,29,3,1,43,459.02986239886883
4.221499999999993,73.535,Park,3,3,2,5,2,1,18,498.96469260134086
4.221499999999993,73.5355,Clinic,1,2,2,6,3,2,67,219.21148587857746
4.221499999999993,73.536,Residential,2,3,2,16,2,2,49,153.09509736814576
4.221499999999993,73.5365,Residential,1,2,1,9,2,1,8,446.9296088654182
4.221499999999993,73.537,Residential,2,1,2,16,2,1,45,173.07977331269217
4.221499999999993,73.53750000000001,Clinic,1,3,2,12,3,1,55,363.3080151197456
4.221499999999993,73.53800000000001,Clinic,1,1,1,10,2,2,57,306.02518506509136
4.221499999999993,73.53850000000001,Clinic,2,3,1,17,3,1,69,33.87440206220075
4.221499999999993,73.53900000000002,Residential,2,3,1,12,2,1,5,276.4460403728194
4.221499999999993,73.53950000000002,Residential,3,2,1,21,3,2,39,304.2925081217384
4.221499999999993,73.54000000000002,Residential,3,2,0,15,2,1,41,373.2889038786493
4.221499999999993,73.54050000000002,Residential,1,0,0,23,2,2,18,242.35566811939884
4.221499999999993,73.54100000000003,Residential,2,2,0,18,3,1,31,35.233476772892544
4.221499999999993,73.54150000000003,Residential,2,2,1,14,2,1,37,455.43973675337054
4.221499999999993,73.54200000000003,Clinic,1,0,0,21,3,1,96,246.7930205455114
4.221499999999993,73.54250000000003,Clinic,1,2,1,18,3,1,90,458.10459664849265
4.221499999999993,73.54300000000003,Residential,1,0,0,23,2,2,34,324.18791486607665
4.221499999999993,73.54350000000004,Residential,3,0,0,20,3,1,32,37.311211172237876
4.221499999999993,73.54400000000004,Clinic,3,1,0,20,3,1,69,405.6473268853643
4.221499999999993,73.54450000000004,Clinic,3,0,0,28,2,1,58,367.3263852029676
4.221999999999992,73.535,Clinic,1,4,2,9,3,1,94,184.90495487351603
4.221999999999992,73.5355,Residential,1,3,1,9,3,1,39,408.294234036242
4.221999999999992,73.536,Residential,2,3,1,14,2,1,16,33.685199019777635
4.221999999999992,73.5365,Clinic,1,3,1,10,3,2,63,353.0715363921795
4.221999999999992,73.537,Residential,2,1,1,8,2,2,50,320.0519628257151
4.221999999999992,73.53750000000001,Residential,1,2,1,18,3,2,42,72.29633403467224
4.221999999999992,73.53800000000001,Clinic,3,3,2,9,3,1,52,371.38883247659317
4.221999999999992,73.53850000000001,Clinic,2,2,2,13,2,1,58,345.22820801047163
4.221999999999992,73.53900000000002,Clinic,3,1,1,12,2,2,63,473.96281815546445
4.221999999999992,73.53950000000002,Residential,3,2,0,20,3,1,10,499.73190929525714
4.221999999999992,73.54000000000002,Residential,2,1,1,13,3,2,47,346.4614458650672
4.221999999999992,73.54050000000002,Clinic,1,2,0,13,2,1,54,134.25730451142726
4.221999999999992,73.54100000000003,Residential,3,0,0,14,3,2,12,146.517929934818
4.221999999999992,73.54150000000003,Residential,1,1,1,16,3,1,13,413.59619770453025
4.221999999999992,73.54200000000003,Café,2,1,1,19,2,2,75,353.1711676544464
4.221999999999992,73.54250000000003,Café,2,2,1,21,2,2,95,348.28494320458964
4.221999999999992,73.54300000000003,Clinic,3,1,1,19,2,1,58,306.0644769134347
4.221999999999992,73.54350000000004,Residential,1,1,0,17,2,2,7,488.992127279178
4.221999999999992,73.54400000000004,Residential,2,0,1,18,3,2,14,42.7553182885003
4.221999999999992,73.54450000000004,Residential,3,2,1,29,3,1,44,153.0627681242501
4.222499999999992,73.535,Park,3,2,1,5,2,2,69,322.1220284227893
4.222499999999992,73.5355,Residential,2,1,1,12,3,2,9,309.8694264215026
4.222499999999992,73.536,Café,2,2,1,9,3,2,90,430.11380165358366
4.222499999999992,73.5365,Clinic,1,3,2,10,3,2,62,63.03776808356458
4.222499999999992,73.537,Clinic,3,1,1,15,3,1,59,291.04963423284374
4.222499999999992,73.53750000000001,Clinic,1,1,2,8,2,1,53,148.91813891275254
4.222499999999992,73.53800000000001,Residential,2,3,2,15,3,2,47,130.8256545891585
4.222499999999992,73.53850000000001,Residential,1,3,2,11,3,2,47,433.02402514228817
4.222499999999992,73.53900000000002,Residential,3,3,2,19,2,2,14,264.3649872012073
4.222499999999992,73.53950000000002,Residential,3,3,1,16,2,1,47,365.79942567314885
4.222499999999992,73.54000000000002,Clinic,2,1,1,17,3,1,68,323.12299649670456
4.222499999999992,73.54050000000002,Clinic,1,2,1,17,3,2,90,436.1063486284326
4.222499999999992,73.54100000000003,Residential,3,0,1,21,3,1,7,23.581653975118932
4.222499999999992,73.54150000000003,Clinic,1,1,1,16,2,1,68,370.05165085559037
4.222499999999992,73.54200000000003,Residential,2,0,0,23,2,1,13,348.2613675516895
4.222499999999992,73.54250000000003,Café,2,1,0,16,3,1,78,261.80814227099506
4.222499999999992,73.54300000000003,Clinic,2,2,0,21,3,1,58,172.09629712598283
4.222499999999992,73.54350000000004,Residential,2,2,0,18,3,1,34,151.0374202078837
4.222499999999992,73.54400000000004,Residential,1,2,0,24,3,2,46,433.4763283872445
4.222499999999992,73.54450000000004,Clinic,2,0,0,21,2,2,67,169.25331877305663
4.222999999999992,73.535,Clinic,3,4,2,10,2,2,53,148.1646214058596
4.222999999999992,73.5355,Residential,3,2,1,6,2,1,4,24.122793210547712
4.222999999999992,73.536,Clinic,2,1,2,12,2,2,63,121.83312582486936
4.222999999999992,73.5365,Residential,1,1,1,13,3,2,4,38.44151962726305
4.222999999999992,73.537,Residential,3,2,2,12,3,2,28,437.20843692126385
4.222999999999992,73.53750000000001,Residential,1,1,1,14,3,2,9,85.91138212777993
4.222999999999992,73.53800000000001,Residential,2,1,2,16,2,2,16,104.7007989587378
4.222999999999992,73.53850000000001,Residential,2,3,1,20,3,2,32,81.26063248944084
4.222999999999992,73.53900000000002,Residential,3,2,0,11,3,1,38,359.5371752551831
4.222999999999992,73.53950000000002,Residential,3,1,1,14,3,2,11,90.45125557562478
4.222999999999992,73.54000000000002,Residential,2,0,1,19,3,1,23,97.04891112178629
4.222999999999992,73.54050000000002,Residential,1,2,1,23,2,1,21,33.37129396191449
4.222999999999992,73.54100000000003,Café,2,2,0,23,3,2,90,116.4018918397319
4.222999999999992,73.54150000000003,Café,2,1,0,15,3,2,72,370.77535013531184
4.222999999999992,73.54200000000003,Café,2,2,1,17,3,1,78,104.29354976428334
4.222999999999992,73.54250000000003,Residential,1,0,0,20,2,1,25,99.53347160914714
4.222999999999992,73.54300000000003,Residential,2,2,0,18,3,1,33,315.5634638626104
4.222999999999992,73.54350000000004,Residential,1,0,1,26,2,1,31,64.17602784503853
4.222999999999992,73.54400000000004,Residential,1,0,0,24,2,2,6,281.51673564350193
4.222999999999992,73.54450000000004,Café,2,1,1,26,2,1,83,233.4995069458239
4.223499999999992,73.535,Residential,1,2,2,11,2,2,44,370.23064845788383
4.223499999999992,73.5355,Residential,3,3,1,11,3,2,12,391.5257359335452
4.223499999999992,73.536,Residential,3,3,1,10,3,2,28,480.57391311391774
4.223499999999992,73.5365,Residential,3,3,2,12,3,2,39,298.98916409782885
4.223499999999992,73.537,Residential,1,1,1,17,2,1,34,461.45706629803965
4.223499999999992,73.53750000000001,Clinic,1,2,1,11,2,1,65,475.1918554036365
4.223499999999992,73.53800000000001,Residential,2,2,2,16,3,1,46,118.26110645595337
4.223499999999992,73.53850000000001,Residential,1,2,1,11,3,2,41,396.42274631646836
4.223499999999992,73.53900000000002,Café,2,2,1,21,2,1,89,253.27143473743493
4.223499999999992,73.53950000000002,Clinic,1,2,0,14,3,1,89,192.09072033487425
4.223499999999992,73.54000000000002,Residential,2,0,0,21,2,1,38,245.2692991042032
4.223499999999992,73.54050000000002,Café,3,1,0,16,2,2,72,397.76373244943335
4.223499999999992,73.54100000000003,Café,3,0,0,22,3,2,99,140.51291267677
4.223499999999992,73.54150000000003,Residential,2,1,0,20,3,2,35,98.73677246164249
4.223499999999992,73.54200000000003,Residential,2,2,1,17,3,1,18,219.36563782067088
4.223499999999992,73.54250000000003,Residential,2,0,1,24,2,1,29,152.572743016016
4.223499999999992,73.54300000000003,Clinic,2,2,0,27,3,1,64,184.27274421705545
4.223499999999992,73.54350000000004,Residential,2,0,1,22,2,2,7,153.76267214611218
4.223499999999992,73.54400000000004,Clinic,2,0,1,26,2,1,64,255.02196310755784
4.223499999999992,73.54450000000004,Residential,2,2,1,28,2,1,38,412.8120914007035
4.223999999999991,73.535,Clinic,1,4,1,14,2,1,56,403.5841717977684
4.223999999999991,73.5355,Residential,2,1,1,15,3,2,46,206.49073172990674
4.223999999999991,73.536,Residential,2,2,1,16,3,1,26,65.81092183943811
4.223999999999991,73.5365,Café,2,2,1,15,3,1,88,110.80702016887258
4.223999999999991,73.537,Café,3,3,1,12,2,2,83,63.94045075028995
4.223999999999991,73.53750000000001,Café,2,3,1,9,3,2,88,473.4417308577567
4.223999999999991,73.53800000000001,Residential,1,1,2,15,2,2,11,171.48650597056414
4.223999999999991,73.53850000000001,Clinic,1,1,2,10,3,1,88,408.1364286245848
4.223999999999991,73.53900000000002,Clinic,3,1,1,14,2,1,70,463.71972841039434
4.223999999999991,73.53950000000002,Residential,3,3,1,21,3,1,40,239.83707834952145
4.223999999999991,73.54000000000002,Café,2,0,1,12,2,2,94,338.61370818211435
4.223999999999991,73.54050000000002,Residential,2,2,0,13,3,2,38,291.5886046212256
4.223999999999991,73.54100000000003,Residential,3,1,1,14,2,2,33,409.1312870012451
4.223999999999991,73.54150000000003,Residential,1,2,0,18,3,2,37,413.4386439803191
4.223999999999991,73.54200000000003,Clinic,1,1,0,24,3,2,77,442.9988689349237
4.223999999999991,73.54250000000003,Clinic,1,2,0,19,2,2,92,371.3061537286983
4.223999999999991,73.54300000000003,Café,3,1,1,21,3,2,90,248.73203938726522
4.223999999999991,73.54350000000004,Residential,1,0,1,27,3,2,20,337.2767335386534
4.223999999999991,73.54400000000004,Clinic,1,0,0,23,3,1,89,48.478940598990526
4.223999999999991,73.54450000000004,Café,3,1,1,21,3,2,80,202.44914564037674
4.224499999999991,73.535,Clinic,2,3,2,8,2,2,70,212.22801378079714
4.224499999999991,73.5355,Clinic,3,2,1,7,3,1,65,267.8379673848574
4.224499999999991,73.536,Residential,1,1,2,15,3,2,10,331.042377051938
4.224499999999991,73.5365,Clinic,1,2,1,16,2,1,93,233.03949528072792
4.224499999999991,73.537,Residential,1,3,2,18,3,2,17,90.3287296473838
4.224499999999991,73.53750000000001,Residential,2,2,1,13,3,2,42,173.4684502060671
4.224499999999991,73.53800000000001,Café,3,2,2,10,3,1,97,448.8883843741483
4.224499999999991,73.53850000000001,Residential,2,1,1,16,2,2,23,41.14923337066023
4.224499999999991,73.53900000000002,Café,2,3,1,20,3,2,95,18.30937695525839
4.224499999999991,73.53950000000002,Clinic,3,3,1,13,3,1,68,469.1768809209193
4.224499999999991,73.54000000000002,Clinic,1,2,0,15,2,1,101,24.56322504382801
4.224499999999991,73.54050000000002,Residential,3,1,0,19,2,2,46,426.39712256866835
4.224499999999991,73.54100000000003,Clinic,2,2,1,22,3,1,55,97.47713009819492
4.224499999999991,73.54150000000003,Clinic,3,0,0,15,3,1,69,302.8617264605253
4.224499999999991,73.54200000000003,Clinic,1,2,0,24,2,1,72,163.36344276739325
4.224499999999991,73.54250000000003,Residential,1,1,0,19,3,2,48,122.76040890708875
4.224499999999991,73.54300000000003,Residential,3,1,0,26,2,1,12,87.82142403540857
4.224499999999991,73.54350000000004,Clinic,3,2,1,20,3,1,69,438.9356979950733
4.224499999999991,73.54400000000004,Clinic,2,2,0,21,2,1,55,320.261986471603
4.224499999999991,73.54450000000004,Residential,1,2,1,26,3,1,39,467.3373577658087
4.224999999999991,73.535,Residential,1,4,2,9,2,0,41,38.79237746628168
4.224999999999991,73.5355,Park,1,3,1,5,3,0,38,305.8493944512495
4.224999999999991,73.536,Clinic,1,3,2,16,3,1,90,379.3296444137127
4.224999999999991,73.5365,Café,3,1,2,8,2,1,81,162.9820053152151
4.224999999999991,73.537,Clinic,3,1,2,15,3,1,55,145.4836598803118
4.224999999999991,73.53750000000001,Residential,3,1,1,16,3,1,30,374.76409849597616
4.224999999999991,73.53800000000001,Residential,3,1,2,14,3,0,61,469.13617573498857
4.224999999999991,73.53850000000001,Café,3,2,0,13,2,0,81,81.80517861483594
4.224999999999991,73.53900000000002,Clinic,1,3,1,11,2,1,100,362.2270038789677
4.224999999999991,73.53950000000002,Clinic,2,3,1,21,2,1,68,34.70774951267524
4.224999999999991,73.54000000000002,Residential,3,0,1,14,2,0,34,452.6532107528017
4.224999999999991,73.54050000000002,Residential,2,2,1,13,3,1,43,470.4310969682647
4.224999999999991,73.54100000000003,Café,3,0,0,17,3,0,96,139.470599985199
4.224999999999991,73.54150000000003,Residential,1,0,0,18,2,0,1,286.4137808276593
4.224999999999991,73.54200000000003,Residential,2,2,1,15,3,1,1,86.94950149536446
4.224999999999991,73.54250000000003,Residential,2,1,1,24,3,1,24,138.05952721207868
4.224999999999991,73.54300000000003,Residential,2,2,0,17,3,0,69,389.70038232225073
4.224999999999991,73.54350000000004,Clinic,3,1,1,18,3,1,54,227.9624186613512
4.224999999999991,73.54400000000004,Clinic,1,0,1,18,3,1,99,15.236342734888163
4.224999999999991,73.54450000000004,Residential,2,2,1,28,2,0,11,118.5923826392248
4.2254999999999905,73.535,Residential,3,4,2,7,2,1,28,235.5633990745732
4.2254999999999905,73.5355,Park,2,2,2,5,3,0,9,124.94205228731076
4.2254999999999905,73.536,Café,2,2,2,7,3,0,83,492.13643704896583
4.2254999999999905,73.5365,Residential,2,2,1,8,2,1,32,83.20705818999254
4.2254999999999905,73.537,Residential,2,2,1,14,2,0,56,400.21584922801935
4.2254999999999905,73.53750000000001,Residential,3,2,1,13,2,1,15,189.5711157866235
4.2254999999999905,73.53800000000001,Residential,1,1,0,18,2,0,52,285.37433007639106
4.2254999999999905,73.53850000000001,Residential,2,2,1,14,2,0,52,22.69717289471385
4.2254999999999905,73.53900000000002,Residential,1,3,1,15,3,0,22,378.1004329752909
4.2254999999999905,73.53950000000002,Residential,3,3,1,18,2,0,50,55.67028749190298
4.2254999999999905,73.54000000000002,Café,3,1,0,15,2,0,84,225.91309378354913
4.2254999999999905,73.54050000000002,Residential,1,0,1,16,2,0,20,216.9517978603561
4.2254999999999905,73.54100000000003,Café,3,0,0,17,3,1,91,210.22921576133552
4.2254999999999905,73.54150000000003,Residential,1,1,1,24,2,0,69,171.43918365649873
4.2254999999999905,73.54200000000003,Residential,1,0,1,19,3,0,17,426.64650310169753
4.2254999999999905,73.54250000000003,Residential,2,0,1,23,3,0,55,444.43373091227534
4.2254999999999905,73.54300000000003,Residential,2,2,0,24,2,0,45,462.5659825368212
4.2254999999999905,73.54350000000004,Café,3,1,0,25,2,0,78,228.34452163402878
4.2254999999999905,73.54400000000004,Residential,2,1,0,27,2,1,3,70.80778200158957
4.2254999999999905,73.54450000000004,Residential,1,1,0,26,3,0,88,469.7003412303661
4.22599999999999,73.535,Residential,1,2,1,9,2,0,31,107.46552560254734
4.22599999999999,73.5355,Residential,1,3,2,10,3,0,5,380.339257735201
4.22599999999999,73.536,Residential,3,3,2,12,3,1,15,472.3876027792407
4.22599999999999,73.5365,Café,3,2,2,9,2,0,90,33.67699863230274
4.22599999999999,73.537,Clinic,2,3,2,9,3,1,52,138.74744435124742
4.22599999999999,73.53750000000001,Residential,3,3,1,13,2,0,43,491.57382343657235
4.22599999999999,73.53800000000001,Clinic,3,3,0,15,2,1,56,235.45341834722413
4.22599999999999,73.53850000000001,Clinic,1,2,1,16,2,1,73,249.1654542676059
4.22599999999999,73.53900000000002,Residential,1,2,0,17,2,0,94,211.9053396410769
4.22599999999999,73.53950000000002,Residential,3,2,0,20,3,0,32,95.04597053581278
4.22599999999999,73.54000000000002,Residential,2,2,1,19,2,0,25,493.31347127653135
4.22599999999999,73.54050000000002,Residential,1,1,0,17,3,1,8,468.0073037295158
4.22599999999999,73.54100000000003,Clinic,3,2,1,21,2,1,53,253.61644295416784
4.22599999999999,73.54150000000003,Residential,2,2,1,19,2,1,15,136.12319666218366
4.22599999999999,73.54200000000003,Residential,1,0,0,22,2,1,32,39.36068598052813
4.22599999999999,73.54250000000003,Café,2,0,0,25,3,0,76,45.72815957213467
4.22599999999999,73.54300000000003,Residential,3,0,1,17,2,0,34,388.15454378137576
4.22599999999999,73.54350000000004,Residential,1,0,1,20,3,0,86,359.0517783125829
4.22599999999999,73.54400000000004,Clinic,2,0,1,25,2,1,64,316.07038848570437
4.22599999999999,73.54450000000004,Clinic,1,0,0,25,2,1,92,188.88820180106296
4.22649999999999,73.535,Clinic,1,3,1,6,2,1,81,211.09038188024334
4.22649999999999,73.5355,Residential,2,3,1,10,2,0,17,194.02460084782317
4.22649999999999,73.536,Café,2,3,2,10,2,0,82,473.06683279697023
4.22649999999999,73.5365,Residential,2,1,2,9,3,1,13,97.57092517217986
4.22649999999999,73.537,Residential,2,1,2,10,2,1,5,10.137659364846295
4.22649999999999,73.53750000000001,Residential,2,2,1,18,3,0,48,66.4824610725596
4.22649999999999,73.53800000000001,Residential,1,1,0,16,2,0,58,355.96554267922113
4.22649999999999,73.53850000000001,Clinic,2,3,0,15,2,1,68,72.79820290923345
4.22649999999999,73.53900000000002,Residential,3,3,0,14,3,1,41,356.82864662896816
4.22649999999999,73.53950000000002,Residential,2,3,0,21,2,1,20,158.54579051187426
4.22649999999999,73.54000000000002,Café,2,2,1,21,3,0,79,155.17837938617308
4.22649999999999,73.54050000000002,Residential,3,1,1,22,2,1,30,230.1759071729375
4.22649999999999,73.54100000000003,Café,3,0,0,22,3,0,76,278.8963293704478
4.22649999999999,73.54150000000003,Café,3,2,1,24,2,0,96,375.3442438762131
4.22649999999999,73.54200000000003,Café,2,1,0,21,2,0,83,448.7289990795376
4.22649999999999,73.54250000000003,Residential,2,2,0,24,2,0,28,36.77289948864025
4.22649999999999,73.54300000000003,Residential,2,2,0,21,3,1,14,270.9983738697223
4.22649999999999,73.54350000000004,Residential,3,2,0,19,2,0,50,239.4694543547368
4.22649999999999,73.54400000000004,Café,3,0,1,24,3,1,83,73.40484448306987
4.22649999999999,73.54450000000004,Residential,2,0,0,19,2,0,19,445.1914669717737
4.22699999999999,73.535,Park,2,3,2,5,3,1,11,41.9506573607718
4.22699999999999,73.5355,Clinic,2,1,1,6,3,1,56,434.04039837004706
4.22699999999999,73.536,Residential,2,3,2,9,2,0,10,354.02527153464814
4.22699999999999,73.5365,Residential,1,1,2,14,3,1,29,11.45980305319998
4.22699999999999,73.537,Residential,2,1,2,12,3,1,30,129.93824218339643
4.22699999999999,73.53750000000001,Residential,1,1,1,8,3,0,5,79.02363074793226
4.22699999999999,73.53800000000001,Clinic,3,3,1,18,2,1,56,131.72046547655447
4.22699999999999,73.53850000000001,Café,3,1,1,15,3,1,73,421.8708580602017
4.22699999999999,73.53900000000002,Residential,3,2,0,21,2,0,56,354.15352512189656
4.22699999999999,73.53950000000002,Residential,1,1,1,16,3,1,48,489.57010283968566
4.22699999999999,73.54000000000002,Residential,2,1,1,12,3,1,23,122.24053841034747
4.22699999999999,73.54050000000002,Residential,3,2,0,20,2,1,48,400.70569171465365
4.22699999999999,73.54100000000003,Residential,2,1,1,16,3,0,9,50.190437331747454
4.22699999999999,73.54150000000003,Residential,3,1,0,20,2,1,38,187.58058107341895
4.22699999999999,73.54200000000003,Residential,1,2,0,24,3,0,71,498.5914529203691
4.22699999999999,73.54250000000003,Residential,2,1,1,22,3,0,41,234.82430799705153
4.22699999999999,73.54300000000003,Residential,3,2,0,19,3,1,38,391.1884736685961
4.22699999999999,73.54350000000004,Residential,1,2,0,24,2,1,49,481.0089727125409
4.22699999999999,73.54400000000004,Residential,2,2,1,24,3,1,15,91.75333638274427
4.22699999999999,73.54450000000004,Residential,1,1,1,28,3,1,28,50.32612201357073
4.227499999999989,73.535,Residential,1,3,2,12,2,0,7,228.38676726414366
4.227499999999989,73.5355,Residential,3,1,1,11,3,1,2,334.61423910687955
4.227499999999989,73.536,Residential,1,3,1,6,2,0,25,395.9149475632145
4.227499999999989,73.5365,Clinic,2,1,1,9,3,1,66,442.2453834162416
4.227499999999989,73.537,Residential,1,3,0,9,2,0,73,76.10235826967367
4.227499999999989,73.53750000000001,Café,2,1,0,13,2,0,93,92.75544211336523
4.227499999999989,73.53800000000001,Residential,3,2,1,13,2,0,9,391.01962757710095
4.227499999999989,73.53850000000001,Clinic,1,1,1,17,3,1,70,58.07373013050606
4.227499999999989,73.53900000000002,Residential,1,1,1,21,3,0,7,482.1043299298065
4.227499999999989,73.53950000000002,Residential,1,3,1,13,2,0,16,248.85639397599584
4.227499999999989,73.54000000000002,Residential,3,1,1,14,2,0,21,13.317543470475803
4.227499999999989,73.54050000000002,Café,3,0,1,23,3,0,97,193.84698620203423
4.227499999999989,73.54100000000003,Residential,1,1,0,17,3,0,39,311.275233201086
4.227499999999989,73.54150000000003,Café,3,1,0,21,2,1,92,345.1415794117731
4.227499999999989,73.54200000000003,Residential,1,2,1,16,3,0,19,302.0298776521275
4.227499999999989,73.54250000000003,Residential,2,2,0,18,3,0,20,297.4281864156883
4.227499999999989,73.54300000000003,Residential,2,0,0,22,3,1,12,455.0471979628164
4.227499999999989,73.54350000000004,Residential,1,2,1,23,3,1,20,270.20544278387297
4.227499999999989,73.54400000000004,Café,3,0,1,21,3,1,75,133.09225433255398
4.227499999999989,73.54450000000004,Residential,3,0,0,24,3,1,9,197.68042612672343
4.227999999999989,73.535,Residential,1,2,2,6,3,1,12,232.1134059661086
4.227999999999989,73.5355,Residential,1,3,1,10,3,0,98,208.10486205187175
4.227999999999989,73.536,Café,2,2,2,16,3,1,80,295.36256686859184
4.227999999999989,73.5365,Residential,2,3,1,15,2,1,46,439.6006912433567
4.227999999999989,73.537,Residential,1,1,1,15,2,0,62,228.37936147035404
4.227999999999989,73.53750000000001,Residential,2,2,1,18,3,1,6,395.22125595806955
4.227999999999989,73.53800000000001,Residential,2,1,0,13,3,1,16,357.4870865527548
4.227999999999989,73.53850000000001,Clinic,1,1,0,12,2,1,88,363.84380385824136
4.227999999999989,73.53900000000002,Residential,1,3,0,21,2,0,80,379.83736339928873
4.227999999999989,73.53950000000002,Café,2,1,1,13,3,0,78,407.6258351121687
4.227999999999989,73.54000000000002,Residential,1,2,1,13,2,0,42,21.293468325241225
4.227999999999989,73.54050000000002,Clinic,1,2,0,18,2,1,85,231.0019005582245
4.227999999999989,73.54100000000003,Residential,1,2,0,20,3,0,17,12.435381892511222
4.227999999999989,73.54150000000003,Residential,2,1,1,17,3,0,57,388.16232308057585
4.227999999999989,73.54200000000003,Café,2,2,1,16,2,0,87,350.6478855311233
4.227999999999989,73.54250000000003,Residential,1,1,1,16,2,0,92,28.26128097540878
4.227999999999989,73.54300000000003,Residential,3,1,1,27,2,0,30,379.38577889053926
4.227999999999989,73.54350000000004,Residential,1,2,0,19,2,0,92,437.78633488594755
4.227999999999989,73.54400000000004,Café,2,0,0,27,2,1,90,106.80736106355698
4.227999999999989,73.54450000000004,Residential,1,1,1,21,2,0,85,424.3877685370113
4.228499999999989,73.535,Park,1,2,2,5,3,1,26,407.05101858687345
4.228499999999989,73.5355,Park,1,1,1,5,3,1,6,435.6205947773205
4.228499999999989,73.536,Café,3,1,2,6,2,0,82,216.77701111353372
4.228499999999989,73.5365,Residential,2,1,1,11,2,0,2,479.303681121657
4.228499999999989,73.537,Clinic,2,1,0,18,2,1,66,188.51896415875794
4.228499999999989,73.53750000000001,Residential,3,1,1,13,3,0,39,19.59881318212869
4.228499999999989,73.53800000000001,Residential,3,3,1,10,3,0,3,306.90918820049217
4.228499999999989,73.53850000000001,Residential,1,1,1,20,2,0,75,294.2917099113106
4.228499999999989,73.53900000000002,Residential,2,3,1,19,3,0,17,323.2793427955652
4.228499999999989,73.53950000000002,Residential,3,2,1,15,3,0,55,50.05006454122284
4.228499999999989,73.54000000000002,Residential,3,1,1,22,3,1,34,121.6458530560687
4.228499999999989,73.54050000000002,Clinic,3,0,0,15,2,1,65,256.43036009422383
4.228499999999989,73.54100000000003,Residential,1,2,0,18,2,0,33,59.867862479775674
4.228499999999989,73.54150000000003,Café,3,0,1,14,3,0,97,141.2582344278792
4.228499999999989,73.54200000000003,Residential,3,1,0,25,3,0,38,484.70662794054215
4.228499999999989,73.54250000000003,Residential,2,0,1,19,2,1,24,319.2224147614514
4.228499999999989,73.54300000000003,Residential,2,0,1,21,3,0,68,284.8599594625522
4.228499999999989,73.54350000000004,Café,3,0,0,22,3,1,83,349.55879594396356
4.228499999999989,73.54400000000004,Residential,1,1,0,28,3,0,37,157.08151092428915
4.228499999999989,73.54450000000004,Residential,1,2,1,19,2,0,38,165.05439345310043
4.2289999999999885,73.535,Café,2,3,2,14,3,0,88,162.39048369520935
4.2289999999999885,73.5355,Café,2,3,2,8,3,1,84,430.09592501146494
4.2289999999999885,73.536,Café,2,2,0,7,3,1,81,480.926354635728
4.2289999999999885,73.5365,Residential,1,2,0,12,3,0,29,292.2729540093047
4.2289999999999885,73.537,Residential,2,2,0,9,3,0,2,49.408915702805984
4.2289999999999885,73.53750000000001,Café,3,1,1,8,2,1,83,331.44921701034934
4.2289999999999885,73.53800000000001,Café,3,2,1,12,3,0,85,233.8920954973109
4.2289999999999885,73.53850000000001,Residential,1,2,0,17,3,0,42,83.04796489971237
4.2289999999999885,73.53900000000002,Residential,2,2,0,17,3,1,4,73.15278244811608
4.2289999999999885,73.53950000000002,Residential,2,2,1,18,3,1,18,338.0230495873137
4.2289999999999885,73.54000000000002,Residential,3,1,0,22,2,0,68,271.75725004117555
4.2289999999999885,73.54050000000002,Residential,1,2,0,22,2,1,14,467.7125893481382
4.2289999999999885,73.54100000000003,Residential,1,0,1,24,2,0,75,301.0906065438341
4.2289999999999885,73.54150000000003,Residential,3,1,1,18,3,1,50,264.33090788968514
4.2289999999999885,73.54200000000003,Residential,1,0,1,25,3,0,65,358.06578047468196
4.2289999999999885,73.54250000000003,Clinic,1,2,0,25,3,1,82,230.0895105085488
4.2289999999999885,73.54300000000003,Clinic,1,0,1,17,3,1,53,94.21462241451061
4.2289999999999885,73.54350000000004,Residential,3,1,1,25,3,0,66,56.300245809182464
4.2289999999999885,73.54400000000004,Residential,2,2,1,25,2,0,66,25.393162439921554
4.2289999999999885,73.54450000000004,Residential,2,0,1,27,2,0,51,96.54256717737087
4.229499999999988,73.535,Clinic,1,2,1,8,2,1,53,285.49536264627807
4.229499999999988,73.5355,Residential,1,1,1,12,2,0,90,402.97249651879673
4.229499999999988,73.536,Residential,1,1,1,10,2,0,88,351.1991999246041
4.229499999999988,73.5365,Café,2,2,1,17,3,0,85,388.4466442188444
4.229499999999988,73.537,Residential,1,3,1,14,2,1,5,432.44414822730425
4.229499999999988,73.53750000000001,Residential,2,1,0,8,3,1,5,73.39624258458258
4.229499999999988,73.53800000000001,Residential,3,1,1,16,3,1,1,72.13768041238347
4.229499999999988,73.53850000000001,Café,3,3,1,19,2,1,73,288.6040752935094
4.229499999999988,73.53900000000002,Residential,3,2,1,11,3,0,65,100.46768546170702
4.229499999999988,73.53950000000002,Residential,1,3,1,15,2,0,72,226.9173401378879
4.229499999999988,73.54000000000002,Residential,3,0,1,18,2,0,67,249.55178295072056
4.229499999999988,73.54050000000002,Residential,3,1,0,14,2,0,13,356.54074308857844
4.229499999999988,73.54100000000003,Residential,2,0,0,24,2,0,38,463.17387415371667
4.229499999999988,73.54150000000003,Residential,2,1,1,17,2,1,24,199.10698358216567
4.229499999999988,73.54200000000003,Residential,1,1,0,17,3,0,84,192.30764076838832
4.229499999999988,73.54250000000003,Residential,1,2,0,23,2,1,10,479.459236637968
4.229499999999988,73.54300000000003,Residential,1,0,1,24,3,0,33,383.50628531640547
4.229499999999988,73.54350000000004,Clinic,3,1,0,18,2,1,70,460.5813547367233
4.229499999999988,73.54400000000004,Café,3,2,1,21,3,1,101,165.0792445738921
4.229499999999988,73.54450000000004,Residential,3,0,0,20,3,1,21,472.183791260147
4.229999999999988,73.535,Café,3,3,0,8,2,1,76,285.14449194405125
4.229999999999988,73.5355,Residential,4,1,0,6,3,1,45,483.05379482029906
4.229999999999988,73.536,Residential,3,3,0,16,2,0,23,192.7692211309857
4.229999999999988,73.5365,Residential,2,3,1,7,2,1,50,307.75375739514453
4.229999999999988,73.537,Residential,3,3,0,9,3,1,38,50.719272877878396
4.229999999999988,73.53750000000001,Residential,2,2,0,12,3,0,48,156.43586854312397
4.229999999999988,73.53800000000001,Residential,3,3,0,19,3,0,21,468.9992932399984
4.229999999999988,73.53850000000001,Residential,4,1,0,16,3,1,33,464.2778466570804
4.229999999999988,73.53900000000002,Clinic,2,1,0,15,3,1,53,240.69350794571884
4.229999999999988,73.53950000000002,Café,2,3,1,21,2,1,71,430.67738056599626
4.229999999999988,73.54000000000002,Café,2,0,1,21,3,1,81,485.31824095146817
4.229999999999988,73.54050000000002,Clinic,4,1,1,18,2,1,60,88.66837104142175
4.229999999999988,73.54100000000003,Café,4,1,0,24,3,0,98,290.0611532596155
4.229999999999988,73.54150000000003,Clinic,4,1,0,23,3,1,66,360.42492072194324
4.229999999999988,73.54200000000003,Residential,2,2,0,19,2,0,33,482.22934946442297
4.229999999999988,73.54250000000003,Residential,3,2,1,19,2,0,50,69.45379543545896
4.229999999999988,73.54300000000003,Residential,4,2,0,17,2,1,42,232.992449247068
4.229999999999988,73.54350000000004,Clinic,2,2,0,18,2,1,64,67.39437225771636
4.229999999999988,73.54400000000004,Café,3,0,1,22,3,1,99,10.512661535812867
4.229999999999988,73.54450000000004,Residential,3,1,1,24,2,0,17,278.20023534371757
4.230499999999988,73.535,Residential,3,3,1,6,2,0,38,175.90709331013127
4.230499999999988,73.5355,Residential,2,3,0,8,2,0,62,40.36313098120684
4.230499999999988,73.536,Residential,2,3,0,10,2,1,13,359.0365517784432
4.230499999999988,73.5365,Residential,2,1,1,10,3,0,70,240.51684816458769
4.230499999999988,73.537,Residential,4,2,1,11,2,1,13,158.05254870586415
4.230499999999988,73.53750000000001,Clinic,2,1,0,17,2,1,65,290.8602107016218
4.230499999999988,73.53800000000001,Residential,3,1,0,17,3,0,7,75.07364491510748
4.230499999999988,73.53850000000001,Residential,2,1,1,15,3,0,15,398.1554971000093
4.230499999999988,73.53900000000002,Residential,2,3,1,13,2,0,65,66.3612552972258
4.230499999999988,73.53950000000002,Residential,2,2,1,11,2,0,66,434.8034722821187
4.230499999999988,73.54000000000002,Residential,4,1,1,18,2,1,1,480.37479207122027
4.230499999999988,73.54050000000002,Residential,2,1,0,15,2,0,16,156.06360887390554
4.230499999999988,73.54100000000003,Residential,3,0,0,17,2,1,44,144.2277329534022
4.230499999999988,73.54150000000003,Residential,3,2,1,14,3,0,42,291.7055227623527
4.230499999999988,73.54200000000003,Clinic,4,1,1,21,3,1,63,477.4084627078447
4.230499999999988,73.54250000000003,Clinic,4,0,1,26,3,1,58,191.91199676628295
4.230499999999988,73.54300000000003,Café,2,0,0,25,2,0,87,474.0888310556701
4.230499999999988,73.54350000000004,Residential,4,1,0,19,2,1,34,453.63173585410345
4.230499999999988,73.54400000000004,Residential,3,1,0,19,3,1,38,413.8094452131984
4.230499999999988,73.54450000000004,Clinic,2,1,1,28,3,1,52,181.50995418377016
4.230999999999987,73.535,Residential,3,2,1,12,2,0,17,20.787016928146137
4.230999999999987,73.5355,Café,4,3,0,14,3,1,98,172.74464840953226
4.230999999999987,73.536,Residential,2,2,0,7,2,1,21,42.69045975228745
4.230999999999987,73.5365,Residential,3,1,0,7,2,0,57,58.61857364301323
4.230999999999987,73.537,Café,3,2,0,10,2,0,83,407.9510994018991
4.230999999999987,73.53750000000001,Residential,4,1,1,18,2,0,13,215.15414094394677
4.230999999999987,73.53800000000001,Café,2,1,1,13,3,0,90,215.377667453562
4.230999999999987,73.53850000000001,Residential,4,2,0,19,2,0,67,57.610621018077325
4.230999999999987,73.53900000000002,Residential,2,3,1,17,2,0,69,343.7193376631039
4.230999999999987,73.53950000000002,Café,4,2,1,13,3,1,93,353.915734716657
4.230999999999987,73.54000000000002,Residential,3,2,1,18,3,1,44,212.23638106721882
4.230999999999987,73.54050000000002,Residential,3,1,1,15,3,0,11,287.18052027452245
4.230999999999987,73.54100000000003,Residential,4,2,0,18,3,0,20,439.0079408869664
4.230999999999987,73.54150000000003,Café,4,2,1,14,2,0,72,304.23444080890977
4.230999999999987,73.54200000000003,Clinic,4,0,1,25,2,1,58,374.2083362153353
4.230999999999987,73.54250000000003,Residential,3,2,0,17,2,1,11,16.575217665821942
4.230999999999987,73.54300000000003,Residential,4,1,0,24,3,1,41,173.69553172447638
4.230999999999987,73.54350000000004,Café,4,1,0,27,3,0,71,274.50283195853126
4.230999999999987,73.54400000000004,Residential,2,2,1,21,2,0,54,269.0464109869318
4.230999999999987,73.54450000000004,Residential,3,2,1,25,2,0,11,253.6279179900387
4.231499999999987,73.535,Café,2,2,1,12,3,0,89,33.54772190669825
4.231499999999987,73.5355,Residential,4,2,0,14,3,1,45,464.3143406958075
4.231499999999987,73.536,Residential,2,3,1,8,2,0,28,344.6818093747596
4.231499999999987,73.5365,Clinic,3,3,0,14,2,1,65,487.09616599452096
4.231499999999987,73.537,Residential,4,2,0,13,2,0,54,437.35094610232386
4.231499999999987,73.53750000000001,Café,2,1,0,15,3,1,99,420.0418947740322
4.231499999999987,73.53800000000001,Residential,3,3,0,15,3,0,56,321.04399318138627
4.231499999999987,73.53850000000001,Residential,4,2,1,11,2,1,37,436.30260848326014
4.231499999999987,73.53900000000002,Residential,4,1,1,11,3,1,35,304.77439719680416
4.231499999999987,73.53950000000002,Café,2,2,1,21,2,1,100,34.788573543428114
4.231499999999987,73.54000000000002,Café,2,2,0,14,3,0,78,100.79953025182058
4.231499999999987,73.54050000000002,Residential,3,0,0,23,2,1,29,134.11653430622246
4.231499999999987,73.54100000000003,Residential,4,0,1,15,3,0,37,490.4228149207068
4.231499999999987,73.54150000000003,Residential,3,2,1,20,2,1,28,310.43061311438595
4.231499999999987,73.54200000000003,Residential,2,2,1,16,3,0,65,336.4589116340017
4.231499999999987,73.54250000000003,Café,2,2,1,22,2,0,81,192.96286872031234
4.231499999999987,73.54300000000003,Café,2,0,1,21,3,0,93,290.68712942678417
4.231499999999987,73.54350000000004,Café,3,2,0,22,3,0,86,41.588959009094765
4.231499999999987,73.54400000000004,Residential,4,0,1,28,3,0,53,121.38887285316348
4.231499999999987,73.54450000000004,Residential,4,1,0,28,3,0,32,438.91536802512076
4.231999999999987,73.535,Park,4,4,0,5,3,0,66,120.70542552626506
4.231999999999987,73.5355,Residential,2,1,0,6,2,1,47,218.73263616956532
4.231999999999987,73.536,Residential,2,3,0,16,2,1,21,228.7183038965733
4.231999999999987,73.5365,Café,3,2,1,8,2,1,81,240.46241978571624
4.231999999999987,73.537,Residential,3,3,0,16,3,0,2,247.74195196193014
4.231999999999987,73.53750000000001,Residential,2,2,0,11,2,0,49,294.3046836872945
4.231999999999987,73.53800000000001,Residential,4,3,0,12,2,1,5,237.76732535527387
4.231999999999987,73.53850000000001,Café,4,2,1,10,3,0,78,383.3365590790867
4.231999999999987,73.53900000000002,Residential,4,3,1,20,3,0,33,403.71519875282434
4.231999999999987,73.53950000000002,Residential,4,2,1,18,2,0,23,407.5472589558872
4.231999999999987,73.54000000000002,Café,3,1,0,18,3,1,85,273.3082416651182
4.231999999999987,73.54050000000002,Residential,2,2,0,13,3,0,37,72.7883028547382
4.231999999999987,73.54100000000003,Residential,2,0,1,24,3,1,7,180.628481055552
4.231999999999987,73.54150000000003,Café,4,0,0,18,2,0,71,147.0774861109781
4.231999999999987,73.54200000000003,Residential,3,2,0,23,3,0,24,388.8727586809952
4.231999999999987,73.54250000000003,Residential,4,2,0,21,2,0,42,256.107009470247
4.231999999999987,73.54300000000003,Café,3,2,1,27,3,0,75,341.1849496827797
4.231999999999987,73.54350000000004,Residential,4,1,1,21,2,0,61,336.2103381325773
4.231999999999987,73.54400000000004,Café,2,1,1,28,2,0,80,360.6551389257868
4.231999999999987,73.54450000000004,Café,2,0,1,25,2,0,81,96.5993027155623
4.232499999999987,73.535,Residential,4,3,0,8,2,1,13,259.048174669967
4.232499999999987,73.5355,Residential,2,3,1,10,2,0,34,92.57921749792328
4.232499999999987,73.536,Residential,3,3,0,14,2,0,33,420.14282307929585
4.232499999999987,73.5365,Residential,2,3,0,10,3,1,8,207.08642744864633
4.232499999999987,73.537,Residential,2,2,1,11,2,0,20,45.86987198075607
4.232499999999987,73.53750000000001,Residential,3,1,0,11,2,0,9,442.2923010087267
4.232499999999987,73.53800000000001,Café,3,3,0,18,2,1,82,474.22434871233935
4.232499999999987,73.53850000000001,Residential,3,3,1,11,2,1,43,136.4181179230565
4.232499999999987,73.53900000000002,Residential,2,3,1,21,3,1,3,255.36177457571787
4.232499999999987,73.53950000000002,Café,3,3,0,20,2,0,74,381.5526645928849
4.232499999999987,73.54000000000002,Residential,2,0,0,20,2,0,57,142.77778741688394
4.232499999999987,73.54050000000002,Café,3,0,1,13,3,0,85,105.14101297522642
4.232499999999987,73.54100000000003,Residential,4,2,1,17,2,1,16,84.48637518321232
4.232499999999987,73.54150000000003,Café,3,0,0,21,3,0,90,338.317272487796
4.232499999999987,73.54200000000003,Clinic,2,0,1,21,2,1,64,123.83766009169297
4.232499999999987,73.54250000000003,Residential,4,1,0,26,2,0,60,284.49764020351745
4.232499999999987,73.54300000000003,Clinic,3,0,0,22,3,1,68,485.7402337632904
4.232499999999987,73.54350000000004,Café,4,0,0,17,2,0,100,131.94387069485862
4.232499999999987,73.54400000000004,Clinic,2,0,0,23,3,1,67,217.84775775566413
4.232499999999987,73.54450000000004,Café,4,2,0,19,3,1,79,353.2020492113618
4.232999999999986,73.535,Residential,4,3,0,8,2,0,63,319.61966437029866
4.232999999999986,73.5355,Residential,2,1,1,7,3,0,15,277.3327183681028
4.232999999999986,73.536,Residential,4,2,0,10,3,0,13,162.55036717547242
4.232999999999986,73.5365,Residential,4,3,0,10,3,0,26,16.880801272064957
4.232999999999986,73.537,Residential,2,1,1,13,3,0,65,458.1436197927114
4.232999999999986,73.53750000000001,Clinic,3,1,0,9,2,1,64,318.3836220327114
4.232999999999986,73.53800000000001,Residential,3,1,0,9,3,1,18,267.6393821607134
4.232999999999986,73.53850000000001,Residential,2,3,0,20,2,0,67,390.41783336923567
4.232999999999986,73.53900000000002,Residential,3,2,1,15,2,0,14,165.35284967619089
4.232999999999986,73.53950000000002,Café,4,3,1,18,3,1,86,268.06526136744804
4.232999999999986,73.54000000000002,Residential,3,1,1,22,2,0,18,24.886001076119435
4.232999999999986,73.54050000000002,Residential,3,2,1,19,2,1,3,483.56131936144357
4.232999999999986,73.54100000000003,Café,4,2,1,20,3,0,95,28.97194089903501
4.232999999999986,73.54150000000003,Residential,2,2,0,22,3,1,31,459.70882139217747
4.232999999999986,73.54200000000003,Residential,2,0,0,21,2,0,64,160.72474693818234
4.232999999999986,73.54250000000003,Residential,3,0,0,17,2,0,47,180.98052473228103
4.232999999999986,73.54300000000003,Residential,3,0,0,18,2,0,34,113.56877274368844
4.232999999999986,73.54350000000004,Residential,4,0,0,19,3,0,24,268.74365744765436
4.232999999999986,73.54400000000004,Café,4,2,0,21,2,0,100,164.74710228840763
4.232999999999986,73.54450000000004,Café,2,2,0,26,2,1,77,104.67334655567487
4.233499999999986,73.535,Clinic,3,2,1,7,3,1,63,166.51673016589768
4.233499999999986,73.5355,Residential,2,2,1,6,2,0,27,320.59237872034015
4.233499999999986,73.536,Café,3,3,0,9,2,1,97,60.414885997975844
4.233499999999986,73.5365,Café,3,2,1,7,3,1,87,307.41314911170696
4.233499999999986,73.537,Café,2,2,1,9,2,0,77,46.87119763510604
4.233499999999986,73.53750000000001,Residential,4,2,1,11,3,1,50,353.07882325626616
4.233499999999986,73.53800000000001,Residential,4,3,1,19,3,1,16,73.74217594897458
4.233499999999986,73.53850000000001,Residential,3,3,0,19,2,1,45,170.2742231612568
4.233499999999986,73.53900000000002,Clinic,2,3,1,20,3,1,63,89.05669538424497
4.233499999999986,73.53950000000002,Clinic,2,3,1,20,3,1,58,140.94250847217708
4.233499999999986,73.54000000000002,Residential,3,2,0,14,2,0,8,285.1265682966504
4.233499999999986,73.54050000000002,Clinic,3,0,0,20,3,1,66,370.3487756602677
4.233499999999986,73.54100000000003,Residential,3,2,1,22,2,0,5,196.79796422159265
4.233499999999986,73.54150000000003,Residential,2,0,1,15,3,1,37,322.18909192276055
4.233499999999986,73.54200000000003,Residential,4,2,0,15,3,0,32,47.97605443593236
4.233499999999986,73.54250000000003,Residential,2,0,0,18,3,0,5,64.47542728173357
4.233499999999986,73.54300000000003,Café,4,1,0,20,3,1,94,368.1086000286217
4.233499999999986,73.54350000000004,Residential,4,1,0,25,3,0,55,212.0154457671539
4.233499999999986,73.54400000000004,Residential,2,0,1,28,2,1,25,59.49673091912674
4.233499999999986,73.54450000000004,Café,2,2,1,27,3,0,98,195.67207760200753
4.233999999999986,73.535,Residential,4,3,1,6,2,1,8,476.80922000851956
4.233999999999986,73.5355,Residential,3,1,1,9,3,1,32,218.87951382484448
4.233999999999986,73.536,Residential,2,3,1,6,3,1,16,35.352154111985115
4.233999999999986,73.5365,Residential,4,2,0,10,3,1,40,334.13142141901204
4.233999999999986,73.537,Clinic,3,1,1,12,2,1,56,359.0438503375818
4.233999999999986,73.53750000000001,Residential,2,2,0,11,3,1,36,444.7214884617134
4.233999999999986,73.53800000000001,Residential,4,3,1,17,2,1,50,183.40431647844514
4.233999999999986,73.53850000000001,Café,4,3,1,12,2,1,92,448.5185501218781
4.233999999999986,73.53900000000002,Café,3,1,1,15,2,1,74,55.866270238606695
4.233999999999986,73.53950000000002,Residential,2,1,1,12,2,0,10,190.38742099001686
4.233999999999986,73.54000000000002,Residential,3,0,0,13,2,0,48,477.36262365637043
4.233999999999986,73.54050000000002,Residential,4,1,0,19,2,0,28,267.41855674996566
4.233999999999986,73.54100000000003,Clinic,3,1,1,17,2,1,55,117.07965444161213
4.233999999999986,73.54150000000003,Residential,4,0,1,14,2,1,8,324.2063599037875
4.233999999999986,73.54200000000003,Clinic,3,0,1,24,3,1,65,173.86749551169376
4.233999999999986,73.54250000000003,Clinic,2,0,0,23,3,1,68,302.32301152845514
4.233999999999986,73.54300000000003,Residential,3,2,1,21,3,0,13,364.12066535566777
4.233999999999986,73.54350000000004,Café,3,1,1,19,3,0,75,439.17205753748254
4.233999999999986,73.54400000000004,Café,4,2,0,26,2,1,76,69.12583253962666
4.233999999999986,73.54450000000004,Residential,3,2,0,25,3,0,45,221.8598767245218
4.2344999999999855,73.535,Residential,2,3,1,12,2,0,65,213.16959149868728
4.2344999999999855,73.5355,Residential,3,1,0,6,3,0,19,85.36474308648367
4.2344999999999855,73.536,Café,3,1,1,6,2,0,90,159.5828469628942
4.2344999999999855,73.5365,Residential,3,2,1,8,3,0,35,427.99101499380004
4.2344999999999855,73.537,Residential,2,3,1,13,3,0,70,14.280678007890662
4.2344999999999855,73.53750000000001,Clinic,4,1,0,18,3,1,63,379.11689539932325
4.2344999999999855,73.53800000000001,Residential,4,1,1,17,3,1,19,490.9711763946076
4.2344999999999855,73.53850000000001,Café,3,1,1,14,2,1,73,435.4617868578746
4.2344999999999855,73.53900000000002,Residential,2,3,0,16,3,0,43,43.822355365612864
4.2344999999999855,73.53950000000002,Residential,2,1,0,17,2,1,48,331.49104382853255
4.2344999999999855,73.54000000000002,Café,4,1,1,17,2,1,76,368.0219254504848
4.2344999999999855,73.54050000000002,Residential,3,2,0,16,2,1,25,98.27369647663207
4.2344999999999855,73.54100000000003,Café,3,2,0,16,3,1,77,313.782521605558
4.2344999999999855,73.54150000000003,Residential,3,1,1,21,2,1,18,18.798677571782413
4.2344999999999855,73.54200000000003,Café,2,0,0,21,3,0,99,148.69839220004417
4.2344999999999855,73.54250000000003,Café,2,1,1,18,2,1,95,496.88392829799994
4.2344999999999855,73.54300000000003,Residential,2,1,1,22,3,0,18,457.6989534280357
4.2344999999999855,73.54350000000004,Residential,3,1,1,23,2,0,43,446.7726465797182
4.2344999999999855,73.54400000000004,Residential,2,2,0,18,3,1,22,240.88834177208602
4.2344999999999855,73.54450000000004,Clinic,4,1,1,26,2,1,61,370.7141306523217
4.234999999999985,73.535,Residential,2,3,0,11,3,1,31,14.39444245745206
4.234999999999985,73.5355,Café,3,2,0,14,2,1,98,396.61987138757627
4.234999999999985,73.536,Café,2,3,0,12,3,1,84,147.27672757370527
4.234999999999985,73.5365,Residential,2,1,0,11,3,1,37,274.0646350803727
4.234999999999985,73.537,Café,2,1,0,17,2,0,85,160.93317239455604
4.234999999999985,73.53750000000001,Residential,4,2,1,14,3,0,64,193.79843144546498
4.234999999999985,73.53800000000001,Residential,3,2,1,15,2,0,33,313.37400835858466
4.234999999999985,73.53850000000001,Clinic,3,1,0,11,2,1,59,128.09391667695263
4.234999999999985,73.53900000000002,Residential,2,3,0,18,3,1,1,149.22583891776094
4.234999999999985,73.53950000000002,Residential,3,3,0,11,2,0,15,28.45202536416114
4.234999999999985,73.54000000000002,Residential,2,0,1,13,3,1,8,187.08036488381893
4.234999999999985,73.54050000000002,Clinic,2,2,1,14,2,1,57,326.9623769976444
4.234999999999985,73.54100000000003,Clinic,2,0,0,22,3,1,64,44.530789464015264
4.234999999999985,73.54150000000003,Residential,4,0,0,16,2,1,7,14.264152915540752
4.234999999999985,73.54200000000003,Residential,2,2,0,15,3,1,47,198.04649802329678
4.234999999999985,73.54250000000003,Residential,3,2,1,18,3,1,6,409.2929715416859
4.234999999999985,73.54300000000003,Residential,4,0,0,22,3,1,37,466.2557900949596
4.234999999999985,73.54350000000004,Café,3,1,0,22,3,1,79,345.4341640523546
4.234999999999985,73.54400000000004,Clinic,2,2,0,23,3,1,69,404.42832540067343
4.234999999999985,73.54450000000004,Residential,3,0,0,19,3,0,32,267.00915328400043
4.235499999999985,73.535,Park,3,4,1,5,2,1,58,336.71086199462695
4.235499999999985,73.5355,Café,4,3,0,15,2,0,90,405.5561242195301
4.235499999999985,73.536,Clinic,2,3,1,7,2,1,66,328.5382558913557
4.235499999999985,73.5365,Café,3,3,0,14,3,0,98,56.35940480331304
4.235499999999985,73.537,Café,4,2,1,13,3,0,93,70.32240417369951
4.235499999999985,73.53750000000001,Residential,2,3,1,15,2,0,36,62.05632893082712
4.235499999999985,73.53800000000001,Café,3,3,1,17,2,0,91,213.8968043062779
4.235499999999985,73.53850000000001,Residential,3,2,0,16,3,0,51,368.90786801872605
4.235499999999985,73.53900000000002,Café,2,3,1,11,2,1,89,247.5242781191413
4.235499999999985,73.53950000000002,Residential,2,2,0,15,2,0,49,179.82593470254108
4.235499999999985,73.54000000000002,Residential,3,1,0,17,3,0,61,10.198090475113293
4.235499999999985,73.54050000000002,Residential,4,1,0,17,2,0,16,194.45898074109996
4.235499999999985,73.54100000000003,Residential,2,0,0,24,3,0,30,39.53151587481862
4.235499999999985,73.54150000000003,Residential,3,1,1,15,2,0,8,314.0814443417277
4.235499999999985,73.54200000000003,Residential,2,0,0,19,3,0,65,64.7675880745882
4.235499999999985,73.54250000000003,Residential,2,1,1,21,2,0,69,307.6325697204338
4.235499999999985,73.54300000000003,Residential,2,2,0,17,3,1,22,468.85733220025634
4.235499999999985,73.54350000000004,Residential,2,0,1,26,2,1,46,378.83886689342427
4.235499999999985,73.54400000000004,Residential,2,2,0,19,2,1,50,464.93159561919947
4.235499999999985,73.54450000000004,Clinic,4,0,1,21,2,1,61,21.284633781973998
4.235999999999985,73.535,Residential,3,2,0,7,2,0,44,100.25664993868428
4.235999999999985,73.5355,Residential,3,2,1,14,3,0,12,30.38116462706576
4.235999999999985,73.536,Residential,4,1,1,15,2,0,51,175.84743160543985
4.235999999999985,73.5365,Café,4,3,0,17,3,1,101,83.20726761542603
4.235999999999985,73.537,Clinic,3,2,1,16,2,1,61,292.73237115426105
4.235999999999985,73.53750000000001,Residential,4,2,0,15,2,1,35,12.52451812770064
4.235999999999985,73.53800000000001,Café,3,2,1,13,2,1,77,134.28347333257003
4.235999999999985,73.53850000000001,Residential,3,3,0,15,2,0,53,417.48086687206467
4.235999999999985,73.53900000000002,Residential,4,2,0,16,2,1,29,234.57053945732542
4.235999999999985,73.53950000000002,Café,4,3,0,17,3,1,76,17.430923996316565
4.235999999999985,73.54000000000002,Café,2,1,1,20,2,0,73,323.06076428564245
4.235999999999985,73.54050000000002,Residential,3,0,1,22,2,0,42,310.80242920652256
4.235999999999985,73.54100000000003,Residential,4,0,0,16,2,0,48,397.6889612868715
4.235999999999985,73.54150000000003,Café,2,2,1,17,3,0,87,263.52199314658213
4.235999999999985,73.54200000000003,Café,2,1,1,23,3,0,99,385.3259631903961
4.235999999999985,73.54250000000003,Residential,2,0,1,26,2,0,49,440.39849736385327
4.235999999999985,73.54300000000003,Residential,2,0,1,21,2,1,42,131.20838682729894
4.235999999999985,73.54350000000004,Café,3,0,1,20,3,1,94,61.901957478769425
4.235999999999985,73.54400000000004,Café,3,1,1,18,3,0,96,418.81905379701163
4.235999999999985,73.54450000000004,Residential,4,0,1,27,3,0,26,173.0666501956942
4.236499999999984,73.535,Café,4,2,0,11,3,1,88,439.8198726245668
4.236499999999984,73.5355,Café,3,1,0,11,3,1,75,307.52013773634303
4.236499999999984,73.536,Café,2,2,1,15,2,1,90,303.33651873751427
4.236499999999984,73.5365,Residential,3,2,1,13,3,0,53,66.60378525512303
4.236499999999984,73.537,Residential,3,1,0,13,2,0,4,395.8165675362955
4.236499999999984,73.53750000000001,Residential,3,2,0,15,3,0,57,167.38876121784932
4.236499999999984,73.53800000000001,Café,3,3,0,19,2,0,86,219.25335062048518
4.236499999999984,73.53850000000001,Café,3,2,0,13,2,0,99,181.39110197605473
4.236499999999984,73.53900000000002,Residential,2,3,0,20,3,0,69,196.25290458803258
4.236499999999984,73.53950000000002,Café,4,2,1,15,3,1,78,59.965945716126775
4.236499999999984,73.54000000000002,Residential,4,0,1,16,3,0,55,71.91125109188977
4.236499999999984,73.54050000000002,Clinic,4,2,0,20,3,1,57,203.39421459705702
4.236499999999984,73.54100000000003,Café,4,1,0,14,3,0,93,495.44757832157
4.236499999999984,73.54150000000003,Residential,2,0,1,18,2,0,8,476.9767630168904
4.236499999999984,73.54200000000003,Clinic,3,0,1,23,2,1,67,121.04884400105426
4.236499999999984,73.54250000000003,Café,2,0,0,17,2,0,71,316.63726554438904
4.236499999999984,73.54300000000003,Residential,4,1,1,19,2,0,25,82.11086558428765
4.236499999999984,73.54350000000004,Residential,3,2,0,18,2,0,68,238.29845744081547
4.236499999999984,73.54400000000004,Residential,4,1,1,21,2,0,22,69.316660646389
4.236499999999984,73.54450000000004,Residential,3,2,1,28,2,0,66,148.8200379013297
4.236999999999984,73.535,Park,2,2,0,5,3,1,66,320.289570245008
4.236999999999984,73.5355,Café,2,1,1,9,2,0,95,181.96640198633162
4.236999999999984,73.536,Café,4,3,1,9,3,0,78,70.16353010178409
4.236999999999984,73.5365,Residential,2,1,1,8,2,1,43,71.76438533588802
4.236999999999984,73.537,Café,4,1,1,9,3,1,101,453.67319482428996
4.236999999999984,73.53750000000001,Residential,4,2,1,12,3,0,43,74.98471653709281
4.236999999999984,73.53800000000001,Clinic,4,3,1,10,3,1,51,384.85020598372773
4.236999999999984,73.53850000000001,Café,3,1,1,13,3,1,89,224.06660058688516
4.236999999999984,73.53900000000002,Residential,2,3,1,18,2,0,27,64.75444329122504
4.236999999999984,73.53950000000002,Residential,3,3,0,16,3,0,1,430.7727137715589
4.236999999999984,73.54000000000002,Residential,2,2,1,19,3,1,47,405.61272655615323
4.236999999999984,73.54050000000002,Residential,3,0,1,22,2,1,40,376.4098751272293
4.236999999999984,73.54100000000003,Residential,3,1,0,19,2,1,21,83.08148741130832
4.236999999999984,73.54150000000003,Clinic,2,0,1,21,2,1,61,467.247696941589
4.236999999999984,73.54200000000003,Café,4,1,1,23,3,1,81,261.79834504878
4.236999999999984,73.54250000000003,Residential,4,2,0,17,3,0,40,455.38247871882123
4.236999999999984,73.54300000000003,Residential,2,1,0,17,2,1,24,104.58509317495346
4.236999999999984,73.54350000000004,Clinic,3,2,0,24,2,1,59,208.3987414932166
4.236999999999984,73.54400000000004,Residential,2,2,0,22,3,1,26,115.08977992583048
4.236999999999984,73.54450000000004,Residential,4,0,0,19,3,0,37,188.29789431185776
4.237499999999984,73.535,Residential,2,4,1,14,2,1,10,193.21695513859166
4.237499999999984,73.5355,Residential,4,2,1,7,2,0,29,145.13053450480336
4.237499999999984,73.536,Café,3,2,1,16,2,1,74,273.6134508339195
4.237499999999984,73.5365,Residential,4,2,0,13,3,0,12,271.60461230690765
4.237499999999984,73.537,Clinic,2,3,0,18,2,1,66,80.49205611681789
4.237499999999984,73.53750000000001,Café,3,1,0,15,2,1,100,111.25674904313712
4.237499999999984,73.53800000000001,Café,4,1,0,17,3,1,96,454.0852974707335
4.237499999999984,73.53850000000001,Residential,2,3,0,13,3,0,61,218.49563186650553
4.237499999999984,73.53900000000002,Clinic,2,3,0,17,2,1,53,223.6122387226379
4.237499999999984,73.53950000000002,Café,3,2,0,20,2,0,79,226.24664636171846
4.237499999999984,73.54000000000002,Clinic,2,0,0,12,3,1,55,447.1230619900816
4.237499999999984,73.54050000000002,Clinic,4,0,0,13,2,1,65,127.70083709363801
4.237499999999984,73.54100000000003,Clinic,3,2,1,21,2,1,68,136.02252694931212
4.237499999999984,73.54150000000003,Café,3,2,0,19,3,1,91,269.8805637464915
4.237499999999984,73.54200000000003,Residential,2,0,0,22,3,1,40,45.66450244012117
4.237499999999984,73.54250000000003,Clinic,2,0,1,25,2,1,52,193.73697532633733
4.237499999999984,73.54300000000003,Café,3,2,0,21,2,1,90,156.46527003822547
4.237499999999984,73.54350000000004,Residential,4,0,0,26,3,0,21,159.79774183092277
4.237499999999984,73.54400000000004,Residential,4,1,1,25,2,1,36,343.44511650536646
4.237499999999984,73.54450000000004,Café,2,0,1,24,3,1,75,75.58257829229672
4.237999999999984,73.535,Clinic,3,3,0,12,3,1,70,305.2369394493257
4.237999999999984,73.5355,Residential,2,2,1,14,3,0,5,236.39025147622712
4.237999999999984,73.536,Café,2,2,1,15,2,1,80,185.70743247991885
4.237999999999984,73.5365,Residential,3,1,1,13,2,0,32,182.98376043274445
4.237999999999984,73.537,Residential,2,2,0,16,2,1,42,475.76216644897517
4.237999999999984,73.53750000000001,Café,2,1,1,17,2,1,84,312.03280672065443
4.237999999999984,73.53800000000001,Café,3,2,1,9,3,0,94,213.68966956959386
4.237999999999984,73.53850000000001,Clinic,2,2,1,10,3,1,70,388.116050622373
4.237999999999984,73.53900000000002,Clinic,2,1,1,14,2,1,53,374.8240454390525
4.237999999999984,73.53950000000002,Residential,4,1,1,20,3,0,48,118.09409190038004
4.237999999999984,73.54000000000002,Café,4,2,1,19,2,1,87,156.10611874418834
4.237999999999984,73.54050000000002,Residential,2,2,0,18,2,1,38,358.1769415200355
4.237999999999984,73.54100000000003,Residential,3,2,0,24,2,1,43,391.34423426785446
4.237999999999984,73.54150000000003,Residential,2,0,1,23,3,0,56,380.5701906936332
4.237999999999984,73.54200000000003,Residential,4,0,0,19,2,0,63,37.24362779866678
4.237999999999984,73.54250000000003,Residential,2,0,0,21,3,1,12,114.91246574132145
4.237999999999984,73.54300000000003,Residential,4,1,0,21,2,0,21,361.9312782548084
4.237999999999984,73.54350000000004,Residential,3,2,0,27,3,0,34,43.519973379388404
4.237999999999984,73.54400000000004,Café,2,1,0,20,2,1,100,390.85980059671573
4.237999999999984,73.54450000000004,Residential,4,0,1,24,2,1,43,389.5853278342428
4.238499999999983,73.535,Residential,4,2,1,14,3,0,39,182.13832716376163
4.238499999999983,73.5355,Residential,3,3,0,6,2,1,34,362.64921784955544
4.238499999999983,73.536,Residential,3,2,0,10,2,1,43,322.25616378010324
4.238499999999983,73.5365,Café,2,3,1,12,3,0,84,308.79051161515156
4.238499999999983,73.537,Café,3,3,0,10,2,1,100,499.3303787529885
4.238499999999983,73.53750000000001,Residential,3,2,1,11,2,0,61,103.22104340469528
4.238499999999983,73.53800000000001,Residential,4,1,1,12,3,1,7,199.36150704956677
4.238499999999983,73.53850000000001,Residential,3,1,0,19,2,0,7,303.09277132291993
4.238499999999983,73.53900000000002,Clinic,2,3,1,12,2,1,70,231.9650273928326
4.238499999999983,73.53950000000002,Residential,4,1,1,15,2,0,23,427.724910797008
4.238499999999983,73.54000000000002,Residential,3,0,0,16,2,1,2,25.183143427029048
4.238499999999983,73.54050000000002,Residential,3,0,0,14,3,1,13,320.5217700340989
4.238499999999983,73.54100000000003,Café,3,1,0,16,2,1,86,475.2944611923379
4.238499999999983,73.54150000000003,Café,4,2,0,18,2,1,99,465.28351929616196
4.238499999999983,73.54200000000003,Residential,3,0,1,21,3,0,23,321.9228621835193
4.238499999999983,73.54250000000003,Residential,4,0,0,22,2,0,49,362.94552894805287
4.238499999999983,73.54300000000003,Café,3,1,1,18,3,1,78,432.89413157183
4.238499999999983,73.54350000000004,Residential,2,2,1,18,2,1,35,498.13002612232043
4.238499999999983,73.54400000000004,Residential,2,0,0,24,3,0,60,397.0834724636508
4.238499999999983,73.54450000000004,Café,2,2,1,21,3,0,77,470.8529863887052
4.238999999999983,73.535,Café,4,2,1,7,3,1,81,169.03818377319234
4.238999999999983,73.5355,Café,3,2,0,7,2,1,79,443.0996854257644
4.238999999999983,73.536,Clinic,3,3,0,9,2,1,51,392.9984169479866
4.238999999999983,73.5365,Residential,2,2,1,8,2,0,40,77.9263414982697
4.238999999999983,73.537,Residential,3,3,0,11,3,1,20,330.3370583604033
4.238999999999983,73.53750000000001,Residential,3,1,1,15,3,0,2,336.09642818147955
4.238999999999983,73.53800000000001,Clinic,3,1,0,14,2,1,54,275.99481096827645
4.238999999999983,73.53850000000001,Residential,3,1,1,14,3,1,17,268.0921765126656
4.238999999999983,73.53900000000002,Residential,2,3,1,14,2,0,54,25.170360791579295
4.238999999999983,73.53950000000002,Residential,3,2,1,16,3,1,20,238.2449007333728
4.238999999999983,73.54000000000002,Residential,4,1,0,13,2,1,4,210.22856288260002
4.238999999999983,73.54050000000002,Residential,2,1,1,22,2,0,50,244.41316251026595
4.238999999999983,73.54100000000003,Residential,2,0,1,21,3,0,32,34.10610011957582
4.238999999999983,73.54150000000003,Residential,3,1,1,15,3,0,45,184.59074859789973
4.238999999999983,73.54200000000003,Café,2,0,0,24,2,1,87,164.72278959572594
4.238999999999983,73.54250000000003,Residential,2,2,1,18,3,1,3,358.5103315261336
4.238999999999983,73.54300000000003,Residential,2,0,1,17,2,0,4,59.24872578895936
4.238999999999983,73.54350000000004,Café,2,1,1,17,3,0,71,157.41326880936566
4.238999999999983,73.54400000000004,Café,4,2,0,28,2,0,84,413.7562999023521
4.238999999999983,73.54450000000004,Café,2,0,0,25,2,1,75,102.72209975770568
4.239499999999983,73.535,Park,4,2,1,5,2,0,70,130.36191961540393
4.239499999999983,73.5355,Café,2,1,1,13,3,0,81,80.32348832215922
4.239499999999983,73.536,Residential,2,1,1,6,2,0,2,30.894299286563452
4.239499999999983,73.5365,Residential,4,2,0,8,3,1,6,344.44772143440844
4.239499999999983,73.537,Café,3,1,0,11,2,1,88,204.68814045457484
4.239499999999983,73.53750000000001,Residential,4,1,1,17,3,0,16,230.17210205065527
4.239499999999983,73.53800000000001,Residential,3,3,0,13,3,1,47,149.01009678652977
4.239499999999983,73.53850000000001,Residential,2,1,0,10,3,0,34,335.5018172871528
4.239499999999983,73.53900000000002,Clinic,2,3,0,15,2,1,59,23.892482918736192
4.239499999999983,73.53950000000002,Residential,2,1,1,12,3,1,48,77.61181836256424
4.239499999999983,73.54000000000002,Residential,4,0,1,16,2,1,47,443.725990407998
4.239499999999983,73.54050000000002,Residential,2,1,1,13,2,1,15,404.0389671151907
4.239499999999983,73.54100000000003,Café,4,2,1,17,2,0,84,117.40839901382789
4.239499999999983,73.54150000000003,Residential,4,0,0,15,3,1,4,464.44581694995
4.239499999999983,73.54200000000003,Residential,3,0,1,25,2,0,21,270.0756029204253
4.239499999999983,73.54250000000003,Café,3,2,0,18,2,0,89,62.96681082930307
4.239499999999983,73.54300000000003,Residential,4,1,1,27,3,0,61,138.81671483877236
4.239499999999983,73.54350000000004,Residential,2,0,1,25,2,0,46,38.239663728006505
4.239499999999983,73.54400000000004,Clinic,4,2,1,21,3,1,53,107.34733326432529
4.239499999999983,73.54450000000004,Café,4,0,1,24,2,1,75,380.9370302448561
4.2399999999999824,73.535,Residential,3,2,0,14,2,0,46,110.8585669212718
4.2399999999999824,73.5355,Residential,3,1,1,9,2,0,46,388.9941746544299
4.2399999999999824,73.536,Residential,2,2,1,10,3,1,38,54.51985262297744
4.2399999999999824,73.5365,Residential,4,3,0,9,2,1,37,307.5421835167188
4.2399999999999824,73.537,Clinic,4,1,1,15,3,1,61,446.59074226358547
4.2399999999999824,73.53750000000001,Café,3,1,1,13,3,0,90,465.282803491691
4.2399999999999824,73.53800000000001,Café,2,2,0,10,2,1,81,14.759043735629009
4.2399999999999824,73.53850000000001,Residential,4,3,1,20,2,0,59,143.23471506290227
4.2399999999999824,73.53900000000002,Café,4,1,0,13,2,1,82,247.00659023925593
4.2399999999999824,73.53950000000002,Residential,3,3,0,12,3,1,10,306.7974384909664
4.2399999999999824,73.54000000000002,Café,2,1,0,17,3,1,88,23.40986169373163
4.2399999999999824,73.54050000000002,Residential,2,0,1,13,3,0,14,14.856359027819067
4.2399999999999824,73.54100000000003,Residential,4,2,0,24,3,0,32,491.5799580704635
4.2399999999999824,73.54150000000003,Café,4,2,0,21,3,1,78,494.3201446938767
4.2399999999999824,73.54200000000003,Residential,2,2,0,15,2,0,67,61.880298934945735
4.2399999999999824,73.54250000000003,Café,2,2,0,25,2,1,92,117.70713510855722
4.2399999999999824,73.54300000000003,Café,3,1,1,22,3,0,85,74.89423689373886
4.2399999999999824,73.54350000000004,Residential,4,2,1,23,3,1,3,130.0218742382542
4.2399999999999824,73.54400000000004,Residential,4,0,0,28,3,0,29,233.11755449124087
4.2399999999999824,73.54450000000004,Café,4,1,0,25,3,1,95,125.99147305033823
